-- MySQL dump 10.13  Distrib 5.6.22, for Win64 (x86_64)
--
-- Host: localhost    Database: internship
-- ------------------------------------------------------
-- Server version	5.6.22

/*!40101 SET @OLD_CHARACTER_SET_CLIENT=@@CHARACTER_SET_CLIENT */;
/*!40101 SET @OLD_CHARACTER_SET_RESULTS=@@CHARACTER_SET_RESULTS */;
/*!40101 SET @OLD_COLLATION_CONNECTION=@@COLLATION_CONNECTION */;
/*!40101 SET NAMES utf8 */;
/*!40103 SET @OLD_TIME_ZONE=@@TIME_ZONE */;
/*!40103 SET TIME_ZONE='+00:00' */;
/*!40014 SET @OLD_UNIQUE_CHECKS=@@UNIQUE_CHECKS, UNIQUE_CHECKS=0 */;
/*!40014 SET @OLD_FOREIGN_KEY_CHECKS=@@FOREIGN_KEY_CHECKS, FOREIGN_KEY_CHECKS=0 */;
/*!40101 SET @OLD_SQL_MODE=@@SQL_MODE, SQL_MODE='NO_AUTO_VALUE_ON_ZERO' */;
/*!40111 SET @OLD_SQL_NOTES=@@SQL_NOTES, SQL_NOTES=0 */;

--
-- Current Database: `internship`
--

CREATE DATABASE /*!32312 IF NOT EXISTS*/ `internship` /*!40100 DEFAULT CHARACTER SET utf8 */;

USE `internship`;

--
-- Table structure for table `admin`
--

DROP TABLE IF EXISTS `admin`;
/*!40101 SET @saved_cs_client     = @@character_set_client */;
/*!40101 SET character_set_client = utf8 */;
CREATE TABLE `admin` (
  `adm_id` tinyint(3) unsigned NOT NULL AUTO_INCREMENT,
  `adm_fname` varchar(15) NOT NULL,
  `adm_lname` varchar(30) NOT NULL,
  `adm_hash` char(64) NOT NULL,
  `adm_notes` varchar(255) DEFAULT NULL,
  PRIMARY KEY (`adm_id`)
) ENGINE=InnoDB DEFAULT CHARSET=utf8;
/*!40101 SET character_set_client = @saved_cs_client */;

--
-- Dumping data for table `admin`
--

LOCK TABLES `admin` WRITE;
/*!40000 ALTER TABLE `admin` DISABLE KEYS */;
INSERT INTO `admin` VALUES (1,'Ezra','Booth','TBR24ACN4JR','ipsum dolor'),(2,'Daryl','Barron','RMZ67QJL0ZF','ornare,'),(3,'Blossom','Burnett','OAQ24XTY2LX','Cras lorem lorem, luctus ut, pellentesque eget, dictum'),(4,'Ivor','Bass','SRH42PXY5VE','magna. Phasellus'),(5,'Dakota','Mcmillan','MLI47GDF0DE','turpis egestas.'),(6,'Macon','Sellers','TUL98DCW9BJ','venenatis a, magna. Lorem'),(7,'Carly','Parker','EGL57AZG3VV','neque et nunc. Quisque ornare tortor at'),(8,'Price','Pace','FKS29XHS1DK','vitae diam. Proin'),(9,'Sylvester','Perkins','TDH04WHR8ZE','faucibus'),(10,'Victor','Parker','MMF11RXB3AI','orci luctus et ultrices posuere cubilia Curae; Donec tincidunt.'),(11,'Whilemina','Terrell','KDB75UGB6TW','vitae, erat.'),(12,'Gay','Mclaughlin','MCJ60LDV5AW','Quisque'),(13,'Fatima','Morrison','NLF34JOW1VL','per inceptos hymenaeos. Mauris ut quam vel'),(14,'Hamilton','Richard','PWV80QAZ4XW','non ante bibendum ullamcorper. Duis cursus, diam at pretium'),(15,'Alana','Burt','SEI16UHF3UU','scelerisque neque. Nullam nisl. Maecenas malesuada fringilla est. Mauris eu'),(16,'Xenos','Blanchard','CLJ41LSX0AF','mi tempor lorem, eget'),(17,'Stewart','Conner','HJN85MKQ1QH','Maecenas mi felis, adipiscing fringilla, porttitor vulputate, posuere vulputate,'),(18,'Belle','Ruiz','YHR73HEF2CR','sed tortor. Integer'),(19,'Demetrius','Robles','OSJ78KOP8SS','nec mauris blandit mattis. Cras eget nisi'),(20,'Larissa','George','LMH33XVH0IZ','fringilla,'),(21,'Colin','Hampton','AXU27KNY9JR','orci'),(22,'Hall','Barber','JEN39UXH4DQ','lorem, sit amet ultricies'),(23,'Justine','Todd','NRY42RHI0VA','Pellentesque habitant morbi tristique'),(24,'Cody','Munoz','ABG75ZNE8ZT','pellentesque eget, dictum placerat,'),(25,'Odysseus','Gill','BJO33PCK5CY','vehicula. Pellentesque tincidunt tempus risus.'),(26,'Fleur','Bartlett','QOC45HBL7GA','Proin mi. Aliquam gravida mauris ut mi. Duis'),(27,'Benedict','Alford','YJY33HTS0FY','sapien. Cras dolor dolor, tempus non, lacinia'),(28,'Leonard','Hardin','LWF05EJL6MO','eget'),(29,'Sopoline','Johnston','HMC68YDL3LG','non arcu. Vivamus sit'),(30,'Brody','Vega','NYZ14MFW0PL','Aliquam'),(31,'Ivor','Vincent','WNH36OPB6MX','nec, euismod'),(32,'Scott','Lucas','NMR96CDM6GP','pretium aliquet, metus urna convallis'),(33,'Roth','Allen','CWI77NJG7GY','et magnis dis parturient montes,'),(34,'Clio','Newton','FYY90BVC1EW','sollicitudin adipiscing ligula. Aenean gravida nunc sed pede. Cum sociis'),(35,'Mara','Osborne','OUQ49REF9MF','risus quis diam luctus lobortis. Class'),(36,'Sophia','Wyatt','ANA37OYV1OI','dui, nec tempus mauris erat eget ipsum.'),(37,'Seth','Velasquez','OCU88XAC3WQ','iaculis enim, sit'),(38,'Ariana','Romero','NBB58YGI3VA','posuere cubilia Curae; Donec tincidunt. Donec vitae erat vel pede'),(39,'Ariel','Sharp','XEP15BCJ7FA','sit'),(40,'Ursa','Wolf','DEN54NHW3VE','risus. Donec nibh enim, gravida sit amet, dapibus'),(41,'Mason','Madden','VTV78GLC6BG','Suspendisse dui. Fusce diam nunc, ullamcorper'),(42,'Medge','Atkins','BHM59ZSX3LN','Duis sit amet diam eu dolor egestas rhoncus.'),(43,'Grant','Maddox','SWS57OSR2QX','dis parturient montes, nascetur'),(44,'Norman','Sykes','WZF95JTS1UB','ornare'),(45,'Denise','Davenport','TOT76VMZ7LY','Aliquam ultrices iaculis odio. Nam interdum enim non nisi.'),(46,'Ira','Kaufman','IKP25VJI0UY','id, ante.'),(47,'Moses','Bennett','SYN99ZSV9QR','Curae; Phasellus ornare. Fusce mollis. Duis sit amet'),(48,'Dominic','Boyle','BLI69KDY0CI','ante'),(49,'Blake','Gentry','KHD82RTQ0TS','feugiat. Lorem ipsum dolor sit amet, consectetuer'),(50,'Brynne','Kelly','BAT24CJE4AV','augue porttitor interdum. Sed auctor odio a purus.'),(51,'Briar','Emerson','AIM04QVH7CA','sit amet, dapibus'),(52,'Bo','Clayton','SCW94TQV2FX','gravida sit amet, dapibus'),(53,'Nichole','Johnston','TTV05VFY9IJ','Curabitur consequat, lectus sit amet luctus vulputate, nisi'),(54,'Madeline','Mayo','FUH08FNV9TZ','tellus. Phasellus elit pede, malesuada vel,'),(55,'Beverly','Pennington','TLB63UWO3YT','tempus risus. Donec egestas. Duis ac arcu. Nunc mauris. Morbi'),(56,'Randall','Holt','ZUU39ZCC1KP','vulputate velit eu sem. Pellentesque'),(57,'Coby','Porter','KTS11JPK1AN','et, commodo at, libero. Morbi'),(58,'Regina','Osborn','GOD95XJL0KK','Fusce diam nunc, ullamcorper eu, euismod'),(59,'Adria','Singleton','CKF80ARG8EP','lorem vitae odio sagittis semper.'),(60,'Demetria','Odonnell','ELY98VWB6DN','et'),(61,'Eagan','Fox','GYF82XPV7XV','hymenaeos. Mauris ut quam vel sapien imperdiet ornare. In'),(62,'Martha','Fernandez','YCV98SLC4OI','lacus vestibulum lorem, sit amet ultricies sem magna nec'),(63,'Ciaran','Love','OXS65YKM7HF','cursus non, egestas a, dui. Cras pellentesque. Sed dictum. Proin'),(64,'Cairo','Simpson','WXV22DFY7NW','odio sagittis semper.'),(65,'Velma','Clements','ISP84IQF5WZ','Mauris vestibulum, neque sed dictum eleifend, nunc risus'),(66,'Charde','Ellison','QVG92MZJ1ST','nunc.'),(67,'Miriam','Patel','BUG06BTK0TQ','feugiat tellus lorem eu metus.'),(68,'Alice','Bean','YYB01VXD0BT','tortor. Nunc'),(69,'Shana','Hamilton','HSH22FMI9SO','montes, nascetur ridiculus mus. Donec dignissim'),(70,'Ruth','Mclaughlin','OLR70CLY8EI','Donec fringilla.'),(71,'Flavia','Mendoza','TJP38BXF2CV','mollis. Duis sit amet diam eu dolor egestas'),(72,'Victor','Wright','SUX10WOQ8PV','elit erat vitae risus. Duis'),(73,'Eric','Gill','PUX98UKT6NW','consequat, lectus sit amet luctus vulputate, nisi'),(74,'Ella','Benton','DNN13PQL3HT','enim. Nunc ut erat.'),(75,'Jermaine','Camacho','MBU77HYG2RR','Cras vulputate velit eu'),(76,'Lara','Valentine','PAV80FPU8GF','risus. Nunc'),(77,'Tatiana','Solomon','XUS81TIV3LY','non leo. Vivamus nibh dolor, nonummy ac, feugiat'),(78,'McKenzie','Nielsen','CET74UAD3KR','vitae, orci. Phasellus dapibus quam quis'),(79,'Aladdin','English','PLV33WPI7LG','non, feugiat nec, diam. Duis'),(80,'Cassady','Lambert','TTC02ENF1RF','arcu eu odio tristique pharetra. Quisque ac libero nec ligula'),(81,'Leah','Faulkner','WGV91KHB8UV','egestas. Duis ac arcu. Nunc'),(82,'Karen','Romero','HSI35OWG8MQ','Morbi non sapien molestie orci tincidunt adipiscing. Mauris molestie pharetra'),(83,'Casey','Nielsen','HIZ34RMF7BW','est, vitae sodales'),(84,'Miriam','Hale','IZG86UJE4DP','est tempor bibendum. Donec felis orci, adipiscing non,'),(85,'Madaline','Dodson','LXB62LXD6ER','non, feugiat nec,'),(86,'Cody','Waller','BCF89NFC8XE','dui quis accumsan'),(87,'Heather','Ryan','ETR13OUH5ZQ','Proin non massa'),(88,'Courtney','Ramos','RQY27NCX5CO','Morbi sit'),(89,'Germane','Hahn','KBI06DTO9OS','quis diam. Pellentesque habitant morbi'),(90,'Rachel','Melendez','VOV12QUF0HE','vel sapien imperdiet ornare. In faucibus. Morbi vehicula.'),(91,'Joseph','Tanner','GTU53CGL9QE','tellus'),(92,'Amber','Chang','DFB59CIR5IA','malesuada fringilla est. Mauris eu turpis. Nulla aliquet.'),(93,'Maggy','Gilmore','PFJ00HWJ4RO','aliquam eros turpis non enim. Mauris quis'),(94,'Karly','Murray','EZZ94XAZ0UA','purus. Duis elementum, dui quis accumsan convallis, ante'),(95,'Keely','Carson','GHC17HCY7LV','elit. Aliquam auctor, velit eget'),(96,'Leilani','Rice','BOT06YEU1QO','Sed dictum. Proin'),(97,'Tashya','Baker','BTK53ZWB9PI','tellus non magna. Nam ligula elit, pretium et, rutrum non,'),(98,'Michael','Fry','RXY02ZVQ0RI','est ac facilisis facilisis, magna tellus faucibus'),(99,'Hadassah','Luna','OVS37XZW4ML','adipiscing lacus. Ut nec urna et arcu'),(100,'Tate','Richmond','OAU34NQL0PK','elementum sem, vitae aliquam eros turpis non');
/*!40000 ALTER TABLE `admin` ENABLE KEYS */;
UNLOCK TABLES;

--
-- Table structure for table `assignment`
--

DROP TABLE IF EXISTS `assignment`;
/*!40101 SET @saved_cs_client     = @@character_set_client */;
/*!40101 SET character_set_client = utf8 */;
CREATE TABLE `assignment` (
  `int_id` smallint(5) unsigned NOT NULL,
  `job_id` smallint(5) unsigned NOT NULL,
  `asn_entered_date` timestamp NOT NULL DEFAULT CURRENT_TIMESTAMP,
  `asn_semester` enum('fall','sum','spr') NOT NULL,
  `asn_year` year(4) NOT NULL,
  `asn_credit_hours` tinyint(4) NOT NULL,
  `asn_pay` enum('n','y') NOT NULL,
  `asn_offer` enum('n','y') DEFAULT NULL,
  `asn_offer_accepted` enum('n','y') DEFAULT NULL,
  `asn_notes` varchar(255) DEFAULT NULL,
  PRIMARY KEY (`int_id`,`job_id`),
  KEY `fk_assignment_job1_idx` (`job_id`),
  CONSTRAINT `fk_assignment_intern1` FOREIGN KEY (`int_id`) REFERENCES `intern` (`int_id`) ON DELETE NO ACTION ON UPDATE NO ACTION,
  CONSTRAINT `fk_assignment_job1` FOREIGN KEY (`job_id`) REFERENCES `job` (`job_id`) ON DELETE CASCADE ON UPDATE CASCADE
) ENGINE=InnoDB DEFAULT CHARSET=utf8;
/*!40101 SET character_set_client = @saved_cs_client */;

--
-- Dumping data for table `assignment`
--

LOCK TABLES `assignment` WRITE;
/*!40000 ALTER TABLE `assignment` DISABLE KEYS */;
INSERT INTO `assignment` VALUES (1,82,'2010-08-01 00:26:55','sum',2015,6,'n','n','n','non, dapibus rutrum,'),(1,89,'2016-04-16 00:53:56','spr',2011,3,'n','y','y','aliquet. Phasellus fermentum convallis ligula.'),(5,84,'2011-01-21 12:45:12','spr',2014,2,'n','y','y','amet'),(6,51,'2015-03-26 07:22:47','sum',2015,1,'y','n','n','lorem fringilla ornare placerat, orci lacus vestibulum lorem,'),(6,96,'2016-05-01 11:28:28','spr',2015,2,'y',NULL,NULL,'mus. Aenean eget magna. Suspendisse tristique neque'),(8,30,'2010-05-05 17:06:52','spr',2011,3,'y','y','y','vulputate ullamcorper magna. Sed eu eros. Nam consequat dolor vitae'),(10,83,'2014-12-28 11:11:48','sum',2014,6,'y',NULL,NULL,'nascetur ridiculus mus. Donec'),(11,61,'2016-05-13 08:04:49','fall',2016,4,'n','n','n','Nunc lectus pede, ultrices a, auctor non, feugiat nec, diam.'),(11,78,'2006-06-26 00:51:53','spr',2015,5,'y',NULL,NULL,'dolor. Nulla'),(11,94,'2014-05-12 19:14:50','fall',2014,6,'y','y','n','Aliquam fringilla'),(12,7,'2015-03-23 16:45:08','fall',2014,3,'n','y',NULL,'imperdiet non, vestibulum nec,'),(12,92,'2012-06-11 16:01:46','fall',2016,2,'n','n','y','amet diam eu dolor egestas rhoncus. Proin'),(13,10,'2012-02-21 16:47:12','spr',2011,5,'y','y','y','ut quam vel sapien imperdiet ornare. In faucibus.'),(14,79,'2015-04-18 04:01:29','sum',2013,1,'y','y',NULL,'eleifend. Cras sed leo.'),(15,84,'2013-05-12 00:11:09','fall',2013,1,'n','n','y','cursus in, hendrerit consectetuer, cursus et, magna. Praesent'),(18,79,'2013-12-28 02:30:59','sum',2016,5,'n','y','y','ligula'),(19,24,'2011-08-13 00:34:48','fall',2012,3,'y','n','y','nulla magna, malesuada vel, convallis in, cursus et,'),(20,53,'2012-07-30 22:21:21','fall',2016,4,'n',NULL,'y','egestas a, dui. Cras pellentesque. Sed dictum. Proin eget odio.'),(22,94,'2015-10-06 21:27:37','fall',2014,1,'y','n','n','in faucibus orci luctus et'),(24,39,'2013-06-29 16:29:43','sum',2014,5,'y','y',NULL,'eu, ultrices sit amet,'),(26,45,'2007-06-17 20:53:46','sum',2012,2,'n','y','n','blandit mattis. Cras eget nisi dictum'),(26,62,'2014-06-15 01:48:58','fall',2012,1,'n','y','y','arcu. Vestibulum ante ipsum primis'),(27,1,'2010-05-19 07:24:05','sum',2016,6,'y','y',NULL,'blandit at,'),(28,9,'2011-12-02 00:09:17','fall',2013,6,'n','n','y','molestie orci tincidunt adipiscing.'),(28,42,'2015-09-27 10:15:31','spr',2015,2,'y','y','y','magna a tortor. Nunc commodo auctor'),(28,66,'2006-10-21 08:26:46','sum',2015,2,'n',NULL,'n','aliquam eu, accumsan sed, facilisis vitae, orci. Phasellus'),(29,4,'2013-09-24 23:28:45','spr',2015,1,'n','y','y','Nulla semper tellus id nunc interdum feugiat.'),(29,30,'2009-10-26 17:03:21','sum',2014,1,'n','n','y','luctus et ultrices posuere cubilia Curae'),(29,47,'2010-12-29 06:59:34','sum',2015,5,'n','n','n','mattis. Cras eget nisi dictum augue malesuada malesuada. Integer'),(30,59,'2011-06-12 15:00:47','spr',2012,3,'n','y','n','sagittis placerat. Cras dictum ultricies ligula. Nullam enim. Sed nulla'),(30,60,'2012-03-23 21:42:19','fall',2012,3,'n','y',NULL,'molestie arcu. Sed eu nibh vulputate'),(30,71,'2011-07-22 01:54:27','spr',2015,6,'n',NULL,NULL,'a, malesuada id, erat. Etiam vestibulum massa rutrum'),(30,99,'2011-10-06 19:37:02','fall',2012,5,'y','y',NULL,'Phasellus'),(32,32,'2008-10-06 07:16:09','spr',2011,1,'n','n',NULL,'Nam nulla magna,'),(35,99,'2012-11-22 12:48:23','fall',2011,3,'n','y',NULL,'pede. Suspendisse dui. Fusce diam nunc,'),(36,45,'2010-08-29 23:01:38','fall',2015,5,'n',NULL,'n','mauris, aliquam eu, accumsan sed, facilisis vitae, orci.'),(36,93,'2007-02-23 22:52:24','spr',2015,6,'n','y','n','sit amet, dapibus id, blandit at, nisi.'),(37,40,'2006-10-30 14:13:14','sum',2013,1,'y',NULL,'n','nulla. In tincidunt congue turpis. In condimentum.'),(37,79,'2013-03-27 01:10:45','sum',2015,2,'n','y','y','ultricies'),(38,67,'2006-09-14 15:36:57','fall',2011,5,'y',NULL,NULL,'imperdiet nec, leo. Morbi neque'),(38,73,'2005-08-05 22:07:27','sum',2011,6,'n','n','n','elit. Etiam laoreet, libero et tristique pellentesque, tellus sem'),(39,60,'2005-12-18 23:02:51','fall',2011,6,'n',NULL,NULL,'urna, nec luctus felis'),(40,3,'2013-03-16 22:39:13','fall',2014,6,'y',NULL,NULL,'mus. Donec dignissim magna a tortor. Nunc commodo auctor'),(42,5,'2016-04-02 21:48:59','sum',2012,5,'y','n','n','natoque penatibus et'),(42,47,'2010-06-25 12:40:02','fall',2014,4,'y',NULL,NULL,'urna, nec luctus felis'),(44,28,'2009-10-10 18:08:40','spr',2015,3,'n',NULL,'n','adipiscing lacus. Ut nec urna'),(45,17,'2007-04-05 20:57:03','spr',2011,5,'n','y','y','sapien. Cras'),(45,64,'2014-03-12 15:15:59','spr',2016,1,'n','n','n','Sed eu nibh vulputate mauris sagittis placerat.'),(46,47,'2005-11-04 03:23:34','sum',2011,4,'n',NULL,NULL,'dui. Fusce diam nunc, ullamcorper'),(47,39,'2006-04-16 22:37:10','sum',2016,1,'n',NULL,'n','lorem, vehicula et, rutrum eu, ultrices sit amet,'),(47,98,'2008-03-23 13:54:08','spr',2015,3,'y','n','y','Etiam vestibulum massa'),(47,100,'2015-03-14 17:59:32','spr',2013,3,'n',NULL,NULL,'nec, mollis vitae, posuere at, velit. Cras lorem'),(50,14,'2009-09-27 10:53:26','fall',2014,4,'n','y','y','erat. Vivamus nisi.'),(50,58,'2013-03-11 05:40:14','sum',2016,3,'y','n','n','Vivamus nisi. Mauris nulla. Integer urna. Vivamus molestie dapibus ligula.'),(50,60,'2009-09-01 13:13:53','spr',2010,1,'y',NULL,NULL,'at sem molestie sodales.'),(51,4,'2006-07-10 23:09:27','fall',2016,5,'n',NULL,'n','in, cursus'),(53,89,'2015-03-30 05:04:21','sum',2015,4,'n','y','n','egestas. Sed pharetra, felis eget varius'),(55,53,'2007-04-09 14:18:19','sum',2012,2,'y','n','y','sodales at, velit. Pellentesque ultricies dignissim lacus. Aliquam rutrum lorem'),(56,27,'2014-10-26 08:50:15','fall',2013,1,'n','y','n','arcu. Sed et libero. Proin mi. Aliquam'),(58,31,'2014-11-14 00:54:36','spr',2013,3,'y','n','n','fames'),(58,53,'2009-02-21 11:02:10','spr',2015,4,'n','n','n','eu augue porttitor interdum. Sed'),(58,65,'2013-10-26 07:16:38','fall',2014,6,'n',NULL,NULL,'lacinia vitae, sodales at, velit. Pellentesque ultricies'),(60,72,'2009-12-31 21:51:48','fall',2015,3,'y',NULL,'n','elementum sem, vitae aliquam'),(61,18,'2007-11-20 11:31:57','spr',2012,4,'n','y','n','fringilla est. Mauris eu turpis. Nulla aliquet. Proin velit. Sed'),(61,30,'2007-12-02 18:36:11','spr',2014,2,'y','n','y','non justo. Proin non massa non ante bibendum ullamcorper.'),(61,38,'2012-08-23 04:50:41','sum',2013,4,'n','n',NULL,'magna. Suspendisse tristique'),(61,73,'2010-02-04 05:22:58','sum',2016,5,'y','y','n','Donec non justo. Proin non massa non ante bibendum ullamcorper.'),(62,16,'2008-05-30 17:02:16','sum',2013,3,'y',NULL,NULL,'nascetur'),(62,25,'2015-08-23 23:05:04','sum',2012,1,'y','n','y','augue, eu tempor erat neque non quam. Pellentesque habitant morbi'),(63,1,'2008-08-03 00:18:25','spr',2015,3,'n','y',NULL,'lectus quis massa. Mauris vestibulum, neque sed dictum eleifend, nunc'),(64,88,'2008-08-29 08:10:19','fall',2016,2,'n','n',NULL,'litora torquent per conubia nostra, per'),(66,83,'2011-10-09 11:27:35','spr',2013,1,'y',NULL,NULL,'adipiscing elit.'),(67,48,'2014-07-29 16:50:26','fall',2012,5,'n','n','y','aliquam adipiscing lacus. Ut nec urna et arcu imperdiet'),(67,53,'2014-11-23 21:32:26','fall',2012,4,'n',NULL,'n','commodo auctor velit. Aliquam nisl.'),(68,46,'2016-01-31 06:38:09','fall',2015,6,'y','n','y','nec, eleifend non, dapibus rutrum, justo. Praesent luctus. Curabitur egestas'),(69,86,'2013-07-23 20:58:20','spr',2015,3,'y','n','n','sagittis. Duis gravida. Praesent eu nulla'),(71,54,'2012-11-19 22:53:08','spr',2012,4,'y','n','y','Cum sociis natoque penatibus et'),(72,10,'2008-06-24 22:36:12','spr',2015,5,'n',NULL,'n','natoque penatibus et magnis dis parturient'),(73,41,'2014-12-15 18:18:46','sum',2012,4,'n','n',NULL,'sem egestas blandit. Nam nulla magna, malesuada vel,'),(73,72,'2012-02-25 16:28:34','sum',2012,4,'n','y','n','nascetur'),(74,62,'2006-08-03 17:28:53','fall',2014,6,'y',NULL,'y','orci lobortis augue scelerisque mollis. Phasellus libero'),(75,79,'2012-02-07 09:48:55','fall',2013,4,'y',NULL,NULL,'nunc. In at pede.'),(76,74,'2011-02-18 03:34:50','sum',2014,4,'n',NULL,'n','nibh. Donec est mauris, rhoncus id, mollis'),(77,26,'2015-04-28 00:01:32','sum',2012,6,'n','n',NULL,'ipsum nunc id enim. Curabitur'),(77,66,'2011-05-17 15:21:49','spr',2014,5,'n',NULL,'y','Aliquam nec enim. Nunc ut erat. Sed nunc est, mollis'),(78,25,'2006-09-20 20:12:31','sum',2014,4,'n','y','n','arcu et pede. Nunc sed orci lobortis augue scelerisque'),(78,29,'2012-12-04 19:56:35','fall',2013,4,'n',NULL,'y','metus. Aenean sed pede nec ante blandit viverra. Donec'),(79,65,'2011-02-27 13:14:17','sum',2013,1,'n','n','n','at fringilla purus mauris a nunc. In at'),(80,42,'2008-01-11 13:13:54','spr',2016,1,'n','y','y','faucibus ut, nulla. Cras eu tellus'),(83,69,'2014-09-07 12:15:19','sum',2014,3,'n','n','n','mauris eu elit. Nulla facilisi.'),(84,46,'2012-10-08 11:47:33','spr',2016,2,'y',NULL,NULL,'ut'),(90,85,'2013-08-13 19:39:45','sum',2014,6,'n','y',NULL,'magna. Lorem ipsum dolor sit amet, consectetuer adipiscing elit.'),(91,32,'2007-06-27 12:03:37','spr',2011,2,'n','y',NULL,'ipsum sodales purus, in molestie tortor nibh sit amet orci.'),(93,33,'2013-04-20 02:29:27','spr',2012,4,'y','y',NULL,'egestas. Sed pharetra, felis eget varius ultrices,'),(94,97,'2013-03-09 04:08:27','sum',2011,5,'y','y',NULL,'dictum sapien.'),(94,98,'2011-08-23 11:14:50','fall',2012,3,'y','n','y','neque tellus, imperdiet non,'),(97,78,'2007-02-17 09:13:03','sum',2014,4,'y','y','y','vitae, aliquet nec, imperdiet nec, leo. Morbi'),(97,85,'2007-11-02 16:09:26','spr',2015,4,'y','n','n','mollis. Integer tincidunt aliquam arcu.'),(98,19,'2010-08-06 00:31:03','spr',2013,5,'n','y',NULL,'dapibus rutrum, justo. Praesent'),(100,92,'2006-02-17 06:23:36','spr',2011,2,'y','n',NULL,'Aenean egestas hendrerit neque. In ornare sagittis felis. Donec');
/*!40000 ALTER TABLE `assignment` ENABLE KEYS */;
UNLOCK TABLES;

--
-- Table structure for table `employer`
--

DROP TABLE IF EXISTS `employer`;
/*!40101 SET @saved_cs_client     = @@character_set_client */;
/*!40101 SET character_set_client = utf8 */;
CREATE TABLE `employer` (
  `emp_id` smallint(5) unsigned NOT NULL AUTO_INCREMENT,
  `emp_name` varchar(50) NOT NULL,
  `emp_description` varchar(1000) NOT NULL,
  `emp_street` varchar(45) NOT NULL,
  `emp_city` varchar(30) NOT NULL,
  `emp_state` char(2) NOT NULL,
  `emp_zip` int unsigned NOT NULL,
  `emp_longitude` decimal(11,8) DEFAULT NULL,
  `emp_latitude` decimal(10,8) DEFAULT NULL,
  `emp_notes` varchar(255) DEFAULT NULL COMMENT 'for notes about employer',
  PRIMARY KEY (`emp_id`),
  UNIQUE KEY `emp_id_UNIQUE` (`emp_id`)
) ENGINE=InnoDB DEFAULT CHARSET=utf8;
/*!40101 SET character_set_client = @saved_cs_client */;

--
-- Dumping data for table `employer`
--

LOCK TABLES `employer` WRITE;
/*!40000 ALTER TABLE `employer` DISABLE KEYS */;
INSERT INTO `employer` VALUES (1,'Fusce Aliquet Magna Foundation','ut mi. Duis risus odio, auctor vitae, aliquet','4433 Mollis Avenue','Sacramento','CA',92558,148.63580000,-11.63953000,'Nunc commodo'),(2,'Ipsum Non LLC','augue malesuada malesuada. Integer id','P.O. Box 901, 5326 Consectetuer St.','Gaithersburg','MD',79731,3.42049000,0.78084000,'torquent'),(3,'Metus Facilisis LLC','erat,','Ap #893-9816 Non Rd.','Hartford','CT',85096,-90.64052000,-40.24936000,'lacinia at, iaculis'),(4,'Mi Fringilla Mi Corporation','ornare tortor at risus. Nunc ac','P.O. Box 514, 5306 Semper, Rd.','Aurora','IL',66166,-175.41061000,-60.77323000,'ipsum primis in faucibus orci'),(5,'Lacus Corporation','nunc. Quisque ornare','139-4102 Rutrum Ave','San Antonio','TX',64526,-43.86056000,-7.93281000,'sapien. Cras dolor dolor, tempus non,'),(6,'Proin Ultrices Duis Company','Integer urna. Vivamus molestie dapibus ligula. Aliquam','7640 Aliquet Ave','Stamford','CT',12529,125.34664000,-44.46848000,'sapien. Aenean massa.'),(7,'Lorem Semper PC','neque. In ornare sagittis','P.O. Box 517, 8261 Mollis Avenue','Honolulu','HI',55168,32.98044000,26.70365000,'parturient montes, nascetur ridiculus'),(8,'A Odio Associates','nisi nibh lacinia orci,','Ap #945-8438 Nisi. Road','Grand Rapids','MI',69020,-126.23663000,-6.50621000,'porttitor tellus non magna. Nam ligula elit,'),(9,'Neque Nullam LLC','quis turpis vitae purus gravida sagittis. Duis gravida. Praesent eu','204-725 Augue Ave','Springfield','IL',93931,47.37880000,76.16500000,'volutpat'),(10,'Diam Corp.','pellentesque massa lobortis ultrices.','261-2809 Lorem, Rd.','Atlanta','GA',74392,107.26447000,-37.93898000,'erat vitae risus. Duis a mi fringilla mi'),(11,'Penatibus PC','augue porttitor interdum. Sed auctor odio a purus. Duis elementum,','497-2799 Nulla Road','Montgomery','AL',36081,38.80778000,-6.28634000,'Nulla facilisis. Suspendisse commodo tincidunt nibh. Phasellus'),(12,'Nec Tempus Mauris Incorporated','Donec elementum, lorem ut aliquam','Ap #743-8021 Consequat St.','Huntsville','AL',36319,-93.59990000,39.04228000,'mauris sagittis placerat. Cras dictum ultricies ligula. Nullam'),(13,'Massa Vestibulum Accumsan Foundation','Mauris nulla. Integer urna. Vivamus molestie dapibus ligula. Aliquam erat','2416 Elit St.','Huntsville','AL',36529,-86.55445000,-74.81747000,'odio semper cursus.'),(14,'Integer Eu LLP','eu enim. Etiam imperdiet dictum magna. Ut tincidunt orci quis','P.O. Box 722, 3344 Auctor, Av.','Springfield','IL',97228,144.69254000,39.92698000,'ultrices a, auctor non, feugiat nec, diam. Duis mi'),(15,'Non Ante Bibendum Consulting','elementum, lorem ut aliquam iaculis, lacus','475-1337 Feugiat Road','Columbus','GA',32571,-55.83989000,-6.35892000,'et magnis dis parturient montes, nascetur ridiculus mus.'),(16,'Dui Semper Foundation','ut, pharetra sed, hendrerit a, arcu. Sed','1950 Ligula St.','Jefferson City','MO',19886,57.48798000,7.90041000,'Nullam enim. Sed'),(17,'Pellentesque Ut Ipsum Institute','Donec elementum, lorem','8687 Tortor, Rd.','San Antonio','TX',94522,-24.29372000,65.12004000,'Nulla tincidunt, neque vitae semper egestas, urna justo faucibus lectus,'),(18,'Porttitor Scelerisque Neque Ltd','nonummy ac, feugiat non, lobortis quis, pede.','P.O. Box 539, 4446 Mauris Rd.','Anchorage','AK',99809,178.38385000,-2.93199000,'nec, leo. Morbi neque tellus,'),(19,'Enim Sed Nulla Inc.','consequat auctor, nunc nulla vulputate dui, nec tempus','Ap #101-9620 Lacus Ave','Aurora','IL',60983,-55.71673000,68.01591000,'scelerisque dui. Suspendisse ac metus'),(20,'Ante Dictum Ltd','adipiscing lobortis risus. In mi pede, nonummy','253-4411 Feugiat. Rd.','San Diego','CA',90349,-75.54580000,-76.57598000,'consequat dolor vitae dolor. Donec fringilla. Donec'),(21,'Et Commodo Company','non arcu. Vivamus sit amet risus. Donec','P.O. Box 678, 4978 Arcu. Avenue','Columbus','GA',74991,-161.12781000,-10.42174000,'In ornare sagittis felis. Donec tempor,'),(22,'Ac Corp.','Sed neque. Sed eget lacus.','2706 Arcu Rd.','Baltimore','MD',61286,-153.23900000,13.92036000,'interdum libero dui'),(23,'Aliquet Consulting','nulla. Donec non justo. Proin non massa non ante bibendum','Ap #579-1872 Ultrices Street','Eugene','OR',31727,94.13616000,17.16114000,'tristique senectus et netus et'),(24,'Quisque Libero Limited','Duis volutpat nunc','Ap #742-3297 Enim Road','Owensboro','KY',88111,-159.19402000,-8.07798000,'ante'),(25,'Magna Tellus Faucibus Ltd','sociis natoque penatibus et magnis dis parturient montes,','9206 Dolor. Ave','Provo','UT',38422,87.42868000,17.57636000,'in felis. Nulla tempor'),(26,'Nec Institute','natoque penatibus et magnis','Ap #222-1734 Pede Rd.','Montgomery','AL',36974,86.11293000,85.67818000,'at arcu. Vestibulum'),(27,'Magna Corp.','amet lorem semper auctor. Mauris','Ap #753-1317 Vehicula. Av.','Metairie','LA',93186,54.04939000,56.27000000,'lobortis risus. In mi pede, nonummy ut, molestie in, tempus'),(28,'Malesuada Fringilla PC','malesuada. Integer id','Ap #623-9286 Augue Ave','Pittsburgh','PA',98770,167.60965000,-58.32084000,'Nam ligula elit, pretium et, rutrum non,'),(29,'Nunc Commodo Limited','sit','Ap #287-2636 Aenean St.','Bridgeport','CT',78826,115.24342000,-8.02065000,'ac'),(30,'Facilisi Sed Neque Consulting','consequat dolor vitae','Ap #913-9686 Ultrices Av.','Idaho Falls','ID',55560,1.73133000,28.25120000,'ut ipsum ac mi eleifend egestas. Sed pharetra,'),(31,'Eu Tellus Phasellus Institute','aliquam eros turpis non enim. Mauris quis turpis vitae purus','473 Eu St.','Des Moines','IA',29499,-20.60100000,45.30217000,'mattis. Integer'),(32,'Sed Congue Elit Corporation','enim, sit amet ornare lectus justo eu arcu. Morbi','P.O. Box 296, 2647 Senectus Street','Chesapeake','VA',82992,11.30593000,-58.94933000,'eu neque pellentesque massa lobortis'),(33,'Quis Turpis Vitae Company','elit,','2602 Nec Ave','Virginia Beach','VA',87220,90.01777000,0.98719000,'magna.'),(34,'Aliquet Lobortis Nisi Inc.','adipiscing elit. Curabitur sed tortor. Integer aliquam adipiscing lacus.','804-7598 Libero. Avenue','Southaven','MS',28976,-14.50740000,3.38114000,'erat. Etiam'),(35,'Neque Et Nunc Inc.','risus. Nulla eget metus eu erat semper rutrum. Fusce','P.O. Box 875, 4579 Nec Street','Jacksonville','FL',91181,170.01929000,6.86902000,'nonummy'),(36,'Ipsum Corp.','Sed malesuada augue ut lacus. Nulla tincidunt,','125 Quis Street','Lexington','KY',18311,-101.80266000,-15.44400000,'tempor,'),(37,'Orci Foundation','magna et','Ap #471-8293 Parturient Street','Oklahoma City','OK',44463,115.12502000,42.81455000,'eleifend vitae, erat. Vivamus'),(38,'Sit Inc.','quam. Curabitur','Ap #621-1336 Quis St.','Covington','KY',95065,-136.24106000,-31.81859000,'Suspendisse eleifend. Cras sed leo.'),(39,'Quam Elementum At PC','eu arcu. Morbi sit amet massa. Quisque porttitor eros','9874 Metus Rd.','Salem','OR',97891,16.42511000,-9.72294000,'luctus felis purus'),(40,'Amet Orci Ut Ltd','sapien. Cras','Ap #750-3636 Felis Av.','Glendale','AZ',85758,-9.20407000,-9.34660000,'risus. Morbi metus. Vivamus euismod urna. Nullam lobortis'),(41,'Sodales Elit Limited','augue porttitor interdum. Sed auctor odio a purus. Duis elementum,','7264 Imperdiet Road','Pocatello','ID',68058,95.10300000,44.98226000,'vitae odio'),(42,'Et Pede Incorporated','magna. Cras convallis convallis dolor.','P.O. Box 188, 6733 Consequat St.','Memphis','TN',20819,134.33103000,69.84764000,'lorem ipsum'),(43,'Pretium Et PC','ornare, elit elit fermentum risus, at fringilla purus','P.O. Box 361, 4723 Dui, Avenue','Erie','PA',79336,107.42525000,62.66447000,'ipsum porta elit, a feugiat tellus lorem eu metus. In'),(44,'Sed Pede Nec Institute','mi fringilla mi','8823 Sed, Rd.','Gresham','OR',53334,-178.22624000,18.42108000,'accumsan sed, facilisis vitae, orci.'),(45,'Natoque Penatibus Et PC','metus. In lorem. Donec elementum, lorem ut aliquam iaculis, lacus','876-1819 A St.','Sacramento','CA',93390,-90.72908000,-2.67434000,'Donec at arcu. Vestibulum ante ipsum'),(46,'Id Enim LLP','pulvinar arcu et pede. Nunc sed orci','Ap #283-2765 Aliquam Ave','Louisville','KY',50079,111.44140000,38.23482000,'tellus. Nunc lectus pede,'),(47,'Malesuada Integer Id Limited','libero est, congue a, aliquet vel, vulputate','P.O. Box 374, 5277 Justo St.','Birmingham','AL',35747,-152.12722000,63.02646000,'sociis natoque penatibus et magnis dis'),(48,'Nulla Magna LLP','Etiam imperdiet dictum magna. Ut','P.O. Box 919, 9884 In Avenue','Rochester','MN',28454,103.50247000,20.18683000,'ante. Vivamus non lorem vitae odio'),(49,'Fusce Feugiat PC','sed dictum eleifend, nunc risus','Ap #182-3323 Sociis St.','Nampa','ID',19368,-119.48856000,-53.45777000,'tempor, est ac mattis semper,'),(50,'Lectus Rutrum Urna Institute','quam quis diam. Pellentesque habitant morbi','6808 Eu Rd.','Kailua','HI',68500,-36.91963000,-84.77953000,'sit amet massa. Quisque porttitor eros nec tellus.'),(51,'Amet Diam Industries','varius ultrices, mauris ipsum porta elit, a feugiat tellus lorem','152-2861 Semper Ave','Fairbanks','AK',99653,167.97961000,-55.00920000,'ut odio vel est tempor bibendum. Donec'),(52,'Neque PC','cubilia Curae; Phasellus ornare. Fusce mollis. Duis sit amet diam','831-3596 Auctor St.','Kansas City','MO',11202,-123.60331000,62.01599000,'nec metus facilisis lorem'),(53,'Ipsum PC','neque.','P.O. Box 341, 2750 Auctor St.','Boston','MA',38633,-14.34822000,-73.20437000,'Fusce mollis. Duis'),(54,'Scelerisque Sed LLP','mauris sit amet lorem','P.O. Box 883, 8781 Arcu. Street','Cheyenne','WY',88771,89.13736000,-32.35240000,'habitant morbi tristique'),(55,'Adipiscing Lacus Ltd','diam nunc, ullamcorper eu, euismod ac,','463-5583 Sem Road','Colorado Springs','CO',51082,-72.33767000,-36.80534000,'Praesent interdum ligula eu enim. Etiam imperdiet dictum magna.'),(56,'Ultricies PC','faucibus lectus, a sollicitudin orci sem eget massa. Suspendisse eleifend.','6510 Neque. Av.','San Diego','CA',95349,126.24626000,-40.24286000,'egestas lacinia. Sed congue, elit sed consequat auctor, nunc'),(57,'Ac Libero Nec Consulting','Donec egestas. Aliquam nec','P.O. Box 656, 7994 Cursus St.','South Portland','ME',82594,-25.68615000,16.40019000,'elit, pretium et,'),(58,'Commodo Corp.','Sed nec metus facilisis','P.O. Box 405, 127 Quis Ave','Houston','TX',30733,-43.92904000,-39.39348000,'Mauris nulla. Integer urna.'),(59,'Fringilla Porttitor Inc.','Cras','6729 Luctus St.','Nampa','ID',68244,121.86207000,63.77647000,'elit, pharetra ut, pharetra sed, hendrerit'),(60,'Rutrum Justo Praesent Institute','Ut tincidunt orci quis','527-3439 Phasellus Av.','Stamford','CT',38767,1.30185000,27.45718000,'Pellentesque tincidunt tempus'),(61,'Vulputate Risus PC','Phasellus dapibus quam quis diam. Pellentesque','4336 Auctor, St.','Baton Rouge','LA',89873,178.51043000,-53.99231000,'id nunc'),(62,'Orci LLC','pede. Suspendisse','Ap #185-8732 Nam St.','Bangor','ME',78910,24.96209000,71.97746000,'sagittis augue, eu tempor erat neque'),(63,'Sollicitudin Orci Corp.','suscipit nonummy. Fusce','691-9787 Nunc Rd.','Knoxville','TN',60973,78.02325000,39.19985000,'mauris a nunc.'),(64,'Donec Porttitor Tellus Associates','vehicula','439-1886 Et, Av.','Bangor','ME',84313,109.13660000,-18.43992000,'blandit mattis. Cras eget'),(65,'Enim Condimentum Industries','parturient montes, nascetur ridiculus mus. Donec dignissim magna','616-2557 Justo Avenue','Portland','ME',48962,48.99627000,8.35774000,'eu metus. In'),(66,'Orci Phasellus Consulting','Nam tempor diam dictum sapien. Aenean massa.','582-8506 A, Road','Tuscaloosa','AL',35367,0.37101000,-73.15878000,'in faucibus orci luctus et ultrices posuere'),(67,'Sit Amet PC','purus gravida sagittis. Duis gravida. Praesent eu nulla at sem','P.O. Box 334, 1909 Consequat, St.','Gulfport','MS',95576,-10.98719000,25.31433000,'arcu eu odio tristique pharetra. Quisque'),(68,'Et Rutrum Foundation','ante bibendum ullamcorper. Duis cursus, diam','5363 Non Av.','Fort Wayne','IN',53299,-13.29748000,56.49683000,'aliquet odio. Etiam'),(69,'Dolor PC','mauris, rhoncus id,','100-5204 Semper Rd.','Richmond','VA',71907,-144.16922000,16.61031000,'turpis non enim. Mauris quis turpis vitae purus gravida sagittis.'),(70,'Facilisis Consulting','dolor. Fusce feugiat. Lorem ipsum dolor sit','830-1103 Consectetuer Road','Nampa','ID',81679,173.98236000,-26.25161000,'nibh lacinia orci, consectetuer'),(71,'Adipiscing Industries','eu erat semper rutrum. Fusce dolor quam, elementum','Ap #828-913 Est. Ave','Helena','MT',24308,11.97167000,24.31313000,'magna. Cras convallis convallis dolor. Quisque tincidunt pede ac urna.'),(72,'Euismod Est Inc.','vulputate, nisi sem','3697 Metus. Avenue','South Bend','IN',77027,-13.03112000,-63.99080000,'tempor bibendum. Donec felis orci,'),(73,'Lobortis Quam A PC','Etiam laoreet, libero et tristique pellentesque, tellus','P.O. Box 337, 6622 Non, Ave','Rockville','MD',94899,-42.20875000,25.76739000,'tellus'),(74,'Id Enim Curabitur Industries','eu elit. Nulla facilisi. Sed neque. Sed eget','P.O. Box 533, 5077 Neque Street','Phoenix','AZ',86051,58.74115000,-82.97335000,'turpis egestas. Fusce aliquet magna a neque. Nullam'),(75,'Integer Vitae Inc.','eget massa. Suspendisse eleifend. Cras sed leo. Cras vehicula','489-8719 Erat. Street','Toledo','OH',87333,137.28441000,60.52284000,'nulla.'),(76,'Aliquet Phasellus Fermentum Corporation','felis. Nulla tempor augue','500-350 Tincidunt Avenue','Fort Collins','CO',89713,20.76026000,85.43322000,'odio. Nam interdum enim non nisi. Aenean eget metus.'),(77,'Ut Nisi A LLC','et magnis dis parturient montes, nascetur ridiculus','168-3738 Adipiscing Rd.','Wichita','KS',73235,-159.80561000,65.34789000,'et'),(78,'Vehicula Pellentesque Tincidunt Incorporated','gravida sit amet, dapibus id, blandit at,','8353 Non St.','South Burlington','VT',23025,76.73618000,56.80099000,'id sapien. Cras dolor dolor, tempus non, lacinia'),(79,'Dignissim Magna PC','ac tellus. Suspendisse sed dolor.','P.O. Box 103, 6451 Nec Street','Milwaukee','WI',51322,-12.84112000,82.03992000,'Pellentesque'),(80,'Pellentesque Habitant PC','nibh. Phasellus nulla. Integer vulputate,','Ap #268-3725 Diam Street','Rock Springs','WY',63126,59.47963000,20.00651000,'mauris'),(81,'Tortor Nunc Commodo Institute','tincidunt, nunc ac mattis ornare, lectus ante dictum mi,','P.O. Box 568, 8028 Tincidunt Avenue','North Las Vegas','NV',53403,-122.88658000,-10.70647000,'mus.'),(82,'Nam Ligula Institute','Nulla facilisis. Suspendisse commodo tincidunt nibh. Phasellus nulla.','Ap #886-2207 Lorem, Ave','Olathe','KS',12477,37.44429000,3.42550000,'ligula elit, pretium et, rutrum non,'),(83,'Odio Tristique Pharetra Company','risus. Quisque libero','6906 Convallis St.','St. Petersburg','FL',29496,1.38495000,-19.32846000,'Nulla'),(84,'Lacus Nulla Tincidunt Limited','sagittis felis. Donec tempor, est ac mattis','603-3475 Orci. Ave','Oklahoma City','OK',50536,125.96954000,14.64993000,'et risus. Quisque libero'),(85,'Adipiscing Elit Curabitur Associates','nisl arcu iaculis enim,','122-4792 Lorem Ave','Norfolk','VA',21441,153.95484000,42.38601000,'ridiculus mus. Aenean eget'),(86,'Dolor Quisque Tincidunt Incorporated','molestie arcu. Sed eu nibh vulputate mauris sagittis placerat. Cras','Ap #599-5665 Venenatis Road','Bowling Green','KY',26497,-173.06778000,-6.97323000,'purus. Nullam'),(87,'Euismod LLP','natoque','990-6220 Donec St.','Phoenix','AZ',86395,26.85203000,-68.73959000,'eu eros. Nam consequat dolor vitae dolor. Donec'),(88,'In Inc.','Integer urna. Vivamus molestie dapibus','Ap #384-8559 Ornare. Road','Gresham','OR',85322,-131.75296000,54.62721000,'odio. Etiam ligula tortor, dictum'),(89,'Arcu Sed Eu Industries','gravida','6718 Nisi Street','Chicago','IL',56870,120.49151000,19.18023000,'non dui nec urna suscipit nonummy.'),(90,'Ligula LLC','elit elit fermentum risus,','349-1627 Ornare, Street','Salem','OR',30005,-129.51075000,-6.74396000,'congue, elit sed consequat auctor, nunc nulla'),(91,'Vitae Purus Gravida Foundation','Curabitur vel lectus.','P.O. Box 369, 8544 Dignissim St.','Reading','PA',22033,-88.70346000,80.43818000,'lorem ut aliquam iaculis, lacus'),(92,'Euismod Mauris Associates','hymenaeos. Mauris ut','372 Fusce Avenue','Bloomington','MN',36425,97.48129000,-2.18493000,'varius orci, in consequat enim diam'),(93,'Lorem Vehicula Industries','cursus et, eros. Proin ultrices.','643-3094 Neque Rd.','Bear','DE',29704,-69.16608000,-1.02994000,'vestibulum. Mauris magna. Duis dignissim tempor arcu. Vestibulum ut eros'),(94,'Gravida Limited','Fusce feugiat.','7389 Magna. Street','Knoxville','TN',23769,119.86544000,4.95970000,'orci luctus et'),(95,'Lorem Ipsum Dolor Industries','nibh lacinia orci, consectetuer euismod est','Ap #124-9833 Diam. Ave','Richmond','VA',82501,134.50512000,-5.93488000,'vulputate eu, odio. Phasellus at'),(96,'Sed Id Ltd','Suspendisse','P.O. Box 946, 545 Id St.','Fort Worth','TX',35000,-122.54412000,54.97854000,'ut eros non enim commodo hendrerit. Donec porttitor'),(97,'Nonummy Corporation','non lorem vitae odio','Ap #294-2283 Penatibus Avenue','Bloomington','MN',27309,132.68340000,-25.45768000,'at risus. Nunc ac sem ut dolor dapibus'),(98,'Sit Amet Corp.','pellentesque a, facilisis non, bibendum sed, est. Nunc laoreet lectus','Ap #591-2390 Eget, Ave','Hartford','CT',68795,89.43960000,-21.68064000,'vestibulum, neque sed dictum eleifend, nunc risus varius orci, in'),(99,'Nullam Lobortis Quam Foundation','ornare placerat, orci lacus vestibulum lorem, sit amet ultricies','Ap #375-4392 Scelerisque Rd.','Lewiston','ME',92448,-42.41544000,17.02930000,'vulputate ullamcorper magna. Sed eu eros. Nam consequat dolor'),(100,'Non PC','ac mattis velit justo nec ante. Maecenas mi felis,','318-3941 Egestas Street','Virginia Beach','VA',28557,-98.79803000,8.89957000,'vel sapien');
/*!40000 ALTER TABLE `employer` ENABLE KEYS */;
UNLOCK TABLES;

--
-- Table structure for table `intern`
--

DROP TABLE IF EXISTS `intern`;
/*!40101 SET @saved_cs_client     = @@character_set_client */;
/*!40101 SET character_set_client = utf8 */;
CREATE TABLE `intern` (
  `int_id` smallint(5) unsigned NOT NULL AUTO_INCREMENT,
  `int_fname` varchar(15) NOT NULL,
  `int_lname` varchar(30) NOT NULL,
  `int_phone` bigint(20) unsigned NOT NULL,
  `int_email1` varchar(100) NOT NULL,
  `int_email2` varchar(100) DEFAULT NULL,
  `int_graduating_senior` enum('n','y') NOT NULL COMMENT 'must be semester they are being hired',
  `int_notes` varchar(255) DEFAULT NULL,
  PRIMARY KEY (`int_id`)
) ENGINE=InnoDB DEFAULT CHARSET=utf8;
/*!40101 SET character_set_client = @saved_cs_client */;

--
-- Dumping data for table `intern`
--

LOCK TABLES `intern` WRITE;
/*!40000 ALTER TABLE `intern` DISABLE KEYS */;
INSERT INTO `intern` VALUES (1,'Amery','Ferguson',3923011895,'Nunc mauris elit, dictum eu, eleifend nec, malesuada','imperdiet dictum magna. Ut tincidunt orci quis lectus. Nullam','y','amet ultricies'),(2,'Adrienne','Rich',8359863706,'Phasellus dolor elit, pellentesque a, facilisis non, bibendum sed, est.','elit. Nulla facilisi. Sed neque. Sed eget lacus.','n','sed pede nec ante blandit viverra. Donec tempus,'),(3,'Lysandra','Love',8623469573,'neque et nunc.','nibh enim, gravida sit amet, dapibus','y','nisl. Maecenas malesuada fringilla est. Mauris eu turpis. Nulla aliquet.'),(4,'Harding','Pope',8872554731,'magna tellus faucibus leo, in lobortis tellus justo','libero. Morbi accumsan laoreet','y','eget laoreet posuere, enim nisl'),(5,'Keiko','Richard',9304619449,'fringilla purus mauris','ut, molestie in, tempus eu, ligula. Aenean euismod mauris eu','y','quis, tristique ac, eleifend vitae, erat. Vivamus nisi.'),(6,'Chester','Morin',5319075427,'per inceptos hymenaeos. Mauris ut quam vel','enim, sit amet ornare lectus justo eu','y','cursus'),(7,'Jeremy','Howe',5394607208,'Aliquam ultrices','lacinia at, iaculis','y','at arcu. Vestibulum ante ipsum primis in faucibus orci luctus'),(8,'Griffin','Walters',5027082544,'nonummy ultricies ornare, elit','arcu ac orci. Ut semper pretium neque. Morbi quis urna.','n','malesuada. Integer id'),(9,'Tanya','Lowe',5326437961,'ac turpis egestas. Aliquam fringilla cursus','luctus lobortis. Class aptent taciti sociosqu ad','y','eget magna. Suspendisse tristique neque venenatis'),(10,'Dolan','Skinner',1321309167,'primis in faucibus','fermentum convallis ligula. Donec luctus','y','dolor sit amet, consectetuer adipiscing elit. Etiam laoreet, libero'),(11,'Hilel','Ellison',1068347301,'mollis lectus pede et risus. Quisque libero lacus, varius','lectus','y','libero. Morbi'),(12,'Camille','Becker',7532524775,'et ultrices posuere cubilia','nisi. Mauris nulla. Integer','y','quis urna. Nunc quis arcu vel quam dignissim pharetra. Nam'),(13,'Ryder','Hancock',3102908751,'nunc est, mollis non, cursus non, egestas a,','semper cursus. Integer mollis. Integer tincidunt aliquam arcu.','n','mollis non, cursus non,'),(14,'Noelani','Pierce',6511776600,'nec, mollis vitae, posuere at, velit.','facilisis eget, ipsum. Donec','n','velit. Pellentesque ultricies dignissim lacus. Aliquam rutrum'),(15,'Heather','Coffey',8732841503,'consectetuer rhoncus. Nullam velit','aliquet nec,','n','hymenaeos. Mauris ut quam vel sapien imperdiet ornare. In faucibus.'),(16,'Ashely','Cash',2989392153,'Nunc','augue malesuada malesuada. Integer id','n','dolor. Quisque tincidunt pede ac urna. Ut tincidunt vehicula'),(17,'Darius','Palmer',1192397844,'Aliquam fringilla cursus purus. Nullam scelerisque neque','nec tempus scelerisque, lorem ipsum sodales purus, in molestie tortor','y','Phasellus'),(18,'Faith','Stanton',2672072666,'vestibulum lorem,','Vestibulum accumsan neque et','y','sollicitudin'),(19,'Boris','Peterson',2086380739,'et malesuada','nec ligula consectetuer rhoncus. Nullam velit dui, semper','n','ante, iaculis nec, eleifend non,'),(20,'Dawn','Curtis',3461557993,'vitae odio sagittis semper. Nam tempor diam dictum','at, iaculis quis, pede. Praesent eu dui.','y','In ornare sagittis felis. Donec tempor, est'),(21,'Sharon','Warner',6367733840,'justo. Proin non massa non ante bibendum ullamcorper. Duis cursus,','Cras convallis convallis dolor. Quisque tincidunt','n','quis diam luctus lobortis. Class aptent taciti sociosqu'),(22,'Stella','Kemp',5878516621,'elementum, lorem ut','habitant morbi tristique senectus et','n','Duis gravida. Praesent eu nulla at sem molestie'),(23,'Xena','Lowe',1232406491,'nec luctus felis purus ac tellus. Suspendisse sed','feugiat nec, diam. Duis mi enim, condimentum','y','ut ipsum ac mi eleifend egestas. Sed pharetra, felis eget'),(24,'Melanie','Butler',9918439554,'lobortis quis, pede. Suspendisse','massa. Quisque porttitor eros nec tellus. Nunc lectus','y','cursus luctus, ipsum leo elementum sem, vitae'),(25,'Wayne','Potter',1045643752,'auctor. Mauris vel turpis. Aliquam adipiscing lobortis risus. In mi','mollis. Phasellus libero mauris, aliquam','n','lorem,'),(26,'Kiara','Thornton',2401318085,'aliquet vel,','in, tempus eu, ligula.','n','luctus lobortis. Class aptent'),(27,'Laura','Duffy',5088250160,'augue scelerisque mollis. Phasellus libero mauris, aliquam eu,','ullamcorper. Duis cursus, diam at pretium','y','dictum sapien. Aenean massa. Integer'),(28,'George','Owen',1096286727,'penatibus et magnis dis parturient montes, nascetur ridiculus','pellentesque eget, dictum placerat, augue.','y','nunc risus varius orci, in'),(29,'Ebony','Conway',8717360823,'amet ultricies sem','mauris ipsum porta elit, a feugiat tellus lorem eu metus.','y','sodales. Mauris blandit'),(30,'Grady','Stout',5542370286,'ligula eu enim. Etiam imperdiet dictum','Aenean sed pede nec ante blandit','y','luctus vulputate, nisi sem semper erat, in consectetuer'),(31,'Victoria','Riley',5486968135,'commodo at, libero. Morbi','Cras vulputate velit','y','pede. Nunc'),(32,'Callum','Hinton',8256300282,'et malesuada fames','turpis. Nulla aliquet. Proin velit. Sed malesuada augue ut','n','orci.'),(33,'Barry','Kramer',2719046741,'interdum libero','interdum enim non nisi.','n','dolor. Nulla semper tellus id nunc interdum'),(34,'Alden','Avila',3355328435,'Nunc ut erat. Sed','amet, consectetuer adipiscing','y','sed, est. Nunc laoreet lectus quis massa. Mauris vestibulum,'),(35,'Aristotle','Dunn',7953651100,'Cras dolor dolor, tempus non, lacinia at, iaculis quis,','pede. Cum sociis natoque penatibus et magnis','n','porttitor tellus non magna. Nam'),(36,'Merrill','Gross',3416515726,'Mauris non dui nec urna suscipit nonummy.','Duis sit amet diam eu dolor egestas rhoncus. Proin nisl','n','dolor. Fusce'),(37,'Iris','Johnston',9586013851,'sed leo. Cras','luctus ut, pellentesque eget, dictum placerat,','n','non, feugiat nec, diam. Duis'),(38,'Chanda','Little',7406902395,'Nullam ut nisi a odio semper cursus.','lobortis tellus justo sit amet','y','morbi tristique senectus et netus et malesuada fames ac turpis'),(39,'Jayme','Sweeney',1475049884,'Aliquam','semper rutrum. Fusce dolor quam, elementum at, egestas a, scelerisque','n','penatibus et'),(40,'Fitzgerald','Ashley',7358009661,'sagittis. Duis gravida. Praesent eu','Curabitur','n','accumsan laoreet ipsum. Curabitur consequat,'),(41,'Rae','Wiley',8438896115,'purus. Nullam','Curabitur consequat, lectus sit amet luctus vulputate, nisi','y','tristique'),(42,'Thor','Powers',4309102213,'odio. Aliquam vulputate ullamcorper magna. Sed eu','id risus quis diam luctus lobortis. Class aptent taciti','n','Etiam imperdiet'),(43,'Darrel','Harvey',7112053729,'egestas. Fusce aliquet magna','Pellentesque habitant morbi tristique senectus et netus et','y','Nulla aliquet. Proin velit. Sed malesuada augue ut'),(44,'Harrison','Hicks',4368472291,'Nulla facilisi. Sed','ultrices. Vivamus rhoncus.','y','convallis in, cursus et, eros. Proin ultrices. Duis'),(45,'Jayme','Harper',5883774397,'Mauris magna. Duis','eu, odio. Phasellus at augue id ante dictum','n','placerat.'),(46,'Melodie','Newman',5327749034,'lacinia at, iaculis quis, pede. Praesent','sapien. Aenean massa. Integer vitae nibh.','n','Nulla eget metus eu erat semper rutrum. Fusce'),(47,'Ray','Barry',6412313760,'Aliquam ornare, libero','sodales at,','y','a odio semper cursus. Integer mollis.'),(48,'Vivien','Rojas',7928174428,'turpis. Aliquam adipiscing lobortis risus. In','vel arcu. Curabitur ut odio vel est tempor','y','Donec tempor, est ac mattis semper, dui lectus rutrum urna,'),(49,'Lance','Rowe',1727474122,'tempus non, lacinia at, iaculis quis, pede.','adipiscing ligula. Aenean gravida nunc','n','amet, consectetuer adipiscing elit. Aliquam auctor, velit eget laoreet'),(50,'Deborah','Tucker',1306565372,'commodo auctor velit.','enim. Mauris quis turpis','n','Cum sociis natoque penatibus et magnis'),(51,'Aretha','Ware',9998670283,'dignissim lacus. Aliquam rutrum','nulla. Integer vulputate,','y','vel arcu eu odio tristique'),(52,'Lewis','Gibson',3096584226,'tristique','enim. Etiam gravida molestie','n','cubilia'),(53,'Jaden','Leach',6703690627,'diam. Proin dolor. Nulla','tempor augue ac ipsum. Phasellus vitae mauris sit amet lorem','y','tempor erat neque'),(54,'Coby','Fernandez',7475264104,'at, velit. Cras lorem lorem,','molestie in, tempus eu, ligula.','y','dolor sit amet,'),(55,'Yetta','Morris',9882377679,'Cras lorem lorem, luctus ut,','et malesuada fames ac turpis egestas. Aliquam','y','purus mauris a nunc. In at pede. Cras vulputate velit'),(56,'Jael','Lynch',3154607214,'primis in faucibus orci luctus et','Integer in','y','dui. Cras'),(57,'Madeline','Spears',9121680659,'volutpat. Nulla dignissim. Maecenas ornare egestas ligula. Nullam feugiat placerat','ut aliquam iaculis, lacus pede sagittis','y','placerat velit.'),(58,'Oscar','Bush',2086160299,'tellus. Aenean egestas hendrerit neque. In ornare sagittis felis. Donec','amet risus.','y','ipsum ac mi eleifend egestas. Sed pharetra, felis'),(59,'Idola','Hoover',6115672027,'pharetra, felis eget varius ultrices, mauris ipsum porta','vel lectus. Cum sociis','n','iaculis enim,'),(60,'Driscoll','Rojas',6495897915,'nec','Donec sollicitudin adipiscing ligula. Aenean gravida nunc sed pede. Cum','n','Curabitur ut odio'),(61,'Maisie','Alvarez',1243526634,'et, lacinia vitae, sodales','velit in aliquet lobortis, nisi nibh lacinia orci, consectetuer','n','ut dolor dapibus gravida. Aliquam tincidunt, nunc ac'),(62,'Ursula','Wade',8811824873,'vitae','dignissim tempor arcu. Vestibulum ut','n','sit amet ultricies sem'),(63,'Galena','Fox',8763904337,'mauris sit','dolor quam, elementum at,','y','rutrum, justo. Praesent luctus. Curabitur egestas nunc sed libero.'),(64,'Bradley','Kelley',4001424040,'id','magna. Sed eu eros. Nam','y','massa non ante bibendum'),(65,'Samson','Herman',6921512699,'neque. Nullam nisl. Maecenas malesuada fringilla est. Mauris','lacus.','y','purus ac tellus.'),(66,'Macy','Mcknight',1265250606,'luctus et ultrices posuere','faucibus ut, nulla. Cras eu tellus eu augue porttitor','n','risus quis diam luctus lobortis. Class aptent'),(67,'Hyatt','Lynn',3362236658,'sed consequat auctor,','lacus, varius et, euismod et, commodo at, libero.','y','et ipsum cursus vestibulum. Mauris magna. Duis'),(68,'Zephr','Castillo',1583075537,'Mauris ut','purus gravida sagittis. Duis gravida. Praesent eu','n','id, blandit at, nisi.'),(69,'Caryn','Juarez',5462727319,'sem ut cursus luctus, ipsum leo elementum sem, vitae','nulla vulputate dui, nec tempus mauris erat eget','y','elit elit fermentum risus, at fringilla purus'),(70,'Claudia','Newton',4942091546,'Aliquam nec enim.','In faucibus. Morbi','n','dolor sit amet,'),(71,'Joseph','Bass',2951697673,'egestas ligula. Nullam feugiat placerat velit.','egestas. Duis ac arcu.','n','Cum sociis'),(72,'Mariam','Hunter',4101393605,'egestas','Sed molestie. Sed id risus quis diam luctus lobortis. Class','n','auctor ullamcorper, nisl arcu iaculis enim, sit amet'),(73,'Irene','Maxwell',7283728436,'gravida sit amet, dapibus id, blandit','velit. Aliquam nisl. Nulla eu neque','n','libero'),(74,'Melissa','Conley',7483620942,'dictum','fringilla. Donec feugiat metus sit amet ante.','y','magna. Praesent interdum ligula eu enim. Etiam imperdiet'),(75,'Vladimir','Soto',7333667098,'Integer sem elit, pharetra ut, pharetra sed,','gravida','n','neque non quam. Pellentesque habitant morbi tristique senectus'),(76,'Vanna','Mcpherson',5999308819,'arcu. Curabitur ut odio vel est','ante lectus','n','Nullam ut nisi a odio semper cursus.'),(77,'Lyle','Bowers',6717621767,'magna sed','rhoncus. Proin nisl sem, consequat nec, mollis vitae, posuere','n','lobortis risus. In'),(78,'Brenda','Barron',4011202108,'porttitor eros nec tellus. Nunc','diam eu dolor egestas rhoncus. Proin','n','eget, volutpat ornare, facilisis eget, ipsum. Donec sollicitudin'),(79,'Nathaniel','Haney',1473327155,'elementum at, egestas a, scelerisque sed, sapien.','dolor. Fusce mi lorem, vehicula et, rutrum eu, ultrices sit','y','Nam interdum enim'),(80,'Raymond','Hale',8895213330,'habitant morbi tristique senectus et netus et','auctor, velit eget laoreet posuere, enim nisl elementum purus,','n','odio. Phasellus at augue id ante dictum cursus. Nunc'),(81,'MacKenzie','Vaughan',5259582219,'egestas rhoncus. Proin','gravida','y','nibh. Quisque nonummy ipsum'),(82,'Xantha','Salinas',4958236751,'odio a purus. Duis elementum, dui quis accumsan','Quisque purus sapien, gravida non,','y','nibh vulputate mauris sagittis placerat. Cras dictum ultricies ligula.'),(83,'Teegan','Payne',1714242293,'ultricies ligula. Nullam enim. Sed nulla ante, iaculis nec,','non justo. Proin non massa non ante bibendum ullamcorper.','n','lacus. Quisque imperdiet, erat nonummy ultricies ornare, elit elit fermentum'),(84,'Cameron','Anthony',9884213835,'quam, elementum at, egestas a, scelerisque sed, sapien. Nunc pulvinar','nulla. Integer urna. Vivamus molestie dapibus ligula. Aliquam erat','n','libero. Proin sed turpis nec mauris blandit'),(85,'Sandra','Henderson',7319057649,'quam a felis ullamcorper viverra. Maecenas iaculis aliquet diam.','a, auctor non, feugiat nec, diam. Duis mi','n','purus. Nullam scelerisque neque sed sem egestas'),(86,'Jemima','Sweeney',1717244388,'metus vitae velit','malesuada malesuada. Integer id magna et ipsum','y','vehicula et,'),(87,'Yuli','Guy',4468325620,'at augue id ante dictum cursus. Nunc mauris elit,','ut aliquam iaculis, lacus pede sagittis','y','ornare,'),(88,'Arsenio','Owens',7543285932,'Proin','risus. Donec egestas. Duis ac arcu. Nunc mauris. Morbi non','n','Aliquam nisl. Nulla'),(89,'Jackson','Dodson',7867828108,'Fusce diam nunc, ullamcorper','tincidunt pede ac urna. Ut tincidunt vehicula risus.','n','justo. Praesent luctus. Curabitur egestas nunc sed libero. Proin'),(90,'Theodore','Deleon',1584010904,'Proin','vestibulum. Mauris magna. Duis dignissim','n','erat, eget tincidunt dui augue eu tellus. Phasellus'),(91,'Herman','Meyers',2241214203,'consectetuer','sed turpis nec mauris blandit mattis. Cras','y','malesuada vel, venenatis vel, faucibus id, libero. Donec'),(92,'Patricia','Stafford',2701570851,'mus. Proin vel nisl. Quisque fringilla','Sed nunc est,','y','hymenaeos. Mauris'),(93,'Kimberly','Sellers',4758329518,'Vestibulum ut eros non enim commodo hendrerit. Donec porttitor tellus','est. Nunc laoreet lectus','n','varius orci, in'),(94,'Ignatius','Delgado',2326898810,'dolor egestas rhoncus. Proin nisl sem,','tincidunt. Donec','n','Curae; Donec tincidunt. Donec vitae erat vel pede'),(95,'Kimberly','Warren',8936531843,'dolor. Nulla semper tellus id nunc interdum feugiat. Sed nec','lorem, eget mollis lectus pede et risus.','n','tellus. Nunc lectus pede, ultrices a, auctor non, feugiat'),(96,'Reagan','Ramsey',5529880779,'tincidunt','ac orci. Ut semper','n','convallis erat, eget tincidunt dui augue eu tellus.'),(97,'Hop','Wright',4279323069,'amet ultricies sem magna nec quam.','dis parturient montes, nascetur ridiculus mus. Proin vel arcu eu','y','Suspendisse aliquet molestie tellus. Aenean egestas hendrerit'),(98,'Colton','Love',3124157476,'Duis dignissim tempor arcu. Vestibulum','Mauris non dui nec urna','n','elementum, lorem ut aliquam iaculis,'),(99,'Florence','Ayers',1968205352,'vulputate, nisi sem semper','pellentesque eget, dictum placerat, augue. Sed molestie. Sed id risus','y','nibh sit amet orci. Ut sagittis lobortis mauris.'),(100,'Minerva','Palmer',9187383774,'luctus sit amet, faucibus ut, nulla.','enim.','n','Suspendisse commodo tincidunt nibh. Phasellus nulla. Integer vulputate, risus');
/*!40000 ALTER TABLE `intern` ENABLE KEYS */;
UNLOCK TABLES;

--
-- Table structure for table `job`
--

DROP TABLE IF EXISTS `job`;
/*!40101 SET @saved_cs_client     = @@character_set_client */;
/*!40101 SET character_set_client = utf8 */;
CREATE TABLE `job` (
  `job_id` smallint(5) unsigned NOT NULL AUTO_INCREMENT,
  `ssu_id` smallint(5) unsigned NOT NULL,
  `job_entered_date` timestamp NOT NULL DEFAULT CURRENT_TIMESTAMP,
  `job_title` varchar(50) NOT NULL,
  `job_description` varchar(1000) NOT NULL,
  `job_semester` enum('fall','sum','spr') NOT NULL DEFAULT 'fall',
  `job_year` year(4) NOT NULL,
  `job_recurrence` enum('yearly','semesterly','none') NOT NULL DEFAULT 'none',
  `job_credit_hours` tinyint(3) unsigned NOT NULL COMMENT 'only values 1 - 6',
  `job_pay` enum('n','y') NOT NULL COMMENT 'only wants to know if there was pay or not',
  `job_offer` enum('n','y') DEFAULT NULL COMMENT 'offerred to intern - after internship',
  `job_offer_accepted` enum('n','y') DEFAULT NULL COMMENT 'see job_offer',
  `job_notes` varchar(255) DEFAULT NULL,
  PRIMARY KEY (`job_id`),
  UNIQUE KEY `job_id_UNIQUE` (`job_id`),
  KEY `fk_job_site_supervisor1_idx` (`ssu_id`),
  CONSTRAINT `fk_job_site_supervisor1` FOREIGN KEY (`ssu_id`) REFERENCES `site_supervisor` (`ssu_id`) ON DELETE NO ACTION ON UPDATE NO ACTION
) ENGINE=InnoDB DEFAULT CHARSET=utf8;
/*!40101 SET character_set_client = @saved_cs_client */;

--
-- Dumping data for table `job`
--

LOCK TABLES `job` WRITE;
/*!40000 ALTER TABLE `job` DISABLE KEYS */;
INSERT INTO `job` VALUES (1,1,'2011-08-23 11:14:50','Software Engineer','molestie tortor','spr',2014,'none',4,'y','n','y','mauris.'),(2,1,'2009-10-26 17:03:21','Help Desk','scelerisque neque sed sem egestas blandit.','fall',2008,'semesterly',4,'n','n','n','Sed eget lacus. Mauris non dui nec urna'),(3,1,'2010-08-29 23:01:38','Database Admin.','mollis. Phasellus libero mauris, aliquam eu, accumsan','spr',2014,'semesterly',2,'y','y','n','consectetuer rhoncus. Nullam velit dui, semper et, lacinia vitae,'),(4,2,'2006-09-20 20:12:31','Help Desk','leo. Morbi','fall',2007,'none',3,'y','n','y','arcu. Vestibulum ante ipsum primis in faucibus'),(5,2,'2015-09-27 10:15:31','Database Admin.','placerat velit. Quisque varius. Nam porttitor scelerisque neque. Nullam nisl.','sum',2012,'yearly',1,'n','y','y','scelerisque mollis.'),(6,2,'2006-07-10 23:09:27','Software Engineer','eu odio','fall',2010,'yearly',4,'y','n','n','et, lacinia vitae, sodales at, velit.'),(7,3,'2006-02-17 06:23:36','Database Admin.','quis turpis vitae purus gravida sagittis. Duis gravida. Praesent','sum',2010,'none',4,'n','n','n','rhoncus id, mollis nec, cursus a, enim.'),(8,3,'2015-08-23 23:05:04','Software Engineer','dui.','fall',2010,'yearly',4,'y','n','y','est arcu ac orci. Ut semper pretium'),(9,3,'2010-05-19 07:24:05','Help Desk','malesuada ut, sem. Nulla interdum. Curabitur dictum. Phasellus in felis.','spr',2011,'none',1,'y','y','y','dictum ultricies ligula. Nullam enim.'),(10,4,'2012-10-08 11:47:33','Software Engineer','luctus, ipsum leo elementum','spr',2015,'yearly',2,'n','n','n','pulvinar arcu et pede. Nunc'),(11,4,'2015-04-28 00:01:32','Software Engineer','Integer sem elit, pharetra ut, pharetra','sum',2006,'semesterly',4,'y','y','y','sapien molestie orci tincidunt adipiscing. Mauris molestie pharetra nibh. Aliquam'),(12,5,'2013-10-26 07:16:38','Help Desk','Proin vel nisl. Quisque fringilla euismod','fall',2013,'yearly',1,'y','y','n','lorem ut aliquam iaculis, lacus pede sagittis augue,'),(13,5,'2011-01-21 12:45:12','Database Admin.','ultrices posuere cubilia Curae; Donec tincidunt. Donec vitae erat vel','sum',2014,'yearly',4,'n','n','n','Nunc mauris. Morbi non sapien molestie orci tincidunt adipiscing. Mauris'),(14,5,'2008-08-29 08:10:19','Software Engineer','tincidunt dui augue eu tellus. Phasellus elit pede, malesuada vel,','sum',2007,'semesterly',4,'y','n','y','libero. Morbi accumsan laoreet ipsum. Curabitur consequat,'),(15,7,'2005-08-05 22:07:27','Software Engineer','urna convallis erat, eget tincidunt dui augue eu','fall',2006,'none',4,'y','y','y','ad litora torquent per'),(16,7,'2007-11-20 11:31:57','Help Desk','bibendum ullamcorper. Duis','sum',2008,'yearly',2,'n','n','y','pede.'),(17,7,'2013-03-09 04:08:27','Help Desk','mi enim,','spr',2015,'yearly',1,'y','y','n','elementum'),(18,7,'2015-04-18 04:01:29','Software Engineer','dolor vitae','spr',2014,'yearly',4,'n','n','y','urna. Vivamus molestie dapibus ligula. Aliquam erat'),(19,8,'2009-09-01 13:13:53','Database Admin.','eget lacus. Mauris non','sum',2011,'yearly',1,'y','n','n','sollicitudin adipiscing ligula.'),(20,9,'2014-11-23 21:32:26','Help Desk','Maecenas mi felis, adipiscing','fall',2007,'none',2,'n','n','n','tincidunt adipiscing. Mauris molestie pharetra nibh.'),(21,10,'2011-07-22 01:54:27','Software Engineer','adipiscing lobortis risus. In mi pede,','fall',2009,'none',1,'y','y','n','magna tellus faucibus'),(22,11,'2014-10-26 08:50:15','Software Engineer','dolor dolor, tempus non,','spr',2010,'semesterly',3,'n','n','y','diam luctus lobortis. Class aptent taciti sociosqu ad litora'),(23,11,'2010-06-25 12:40:02','Database Admin.','Cras','spr',2009,'semesterly',3,'n','y','n','ullamcorper magna. Sed eu'),(24,12,'2014-03-12 15:15:59','Database Admin.','est. Nunc ullamcorper, velit in aliquet lobortis, nisi nibh','spr',2009,'none',1,'n','y','y','enim, condimentum eget, volutpat ornare, facilisis eget, ipsum. Donec sollicitudin'),(25,23,'2013-07-23 20:58:20','Help Desk','aliquet lobortis, nisi nibh lacinia orci, consectetuer euismod est arcu','fall',2015,'semesterly',3,'n','n','y','ligula. Nullam feugiat placerat velit. Quisque varius. Nam'),(26,23,'2008-06-24 22:36:12','Help Desk','Nunc ut erat. Sed nunc est,','spr',2015,'yearly',3,'y','n','y','dictum sapien. Aenean massa. Integer vitae nibh. Donec'),(27,23,'2014-12-28 11:11:48','Database Admin.','malesuada ut, sem. Nulla interdum. Curabitur dictum.','sum',2010,'yearly',2,'y','n','n','facilisis vitae, orci. Phasellus dapibus quam quis diam.'),(28,45,'2011-05-17 15:21:49','Help Desk','facilisi. Sed neque. Sed','spr',2005,'semesterly',1,'n','y','y','turpis vitae purus gravida sagittis.'),(29,45,'2014-11-14 00:54:36','Help Desk','tristique','spr',2010,'none',3,'y','n','y','eu nibh vulputate mauris sagittis placerat. Cras'),(30,46,'2008-10-06 07:16:09','Help Desk','sem semper erat, in consectetuer ipsum nunc','sum',2013,'none',3,'n','n','y','nonummy ipsum non arcu. Vivamus sit amet'),(31,46,'2012-07-30 22:21:21','Help Desk','tellus. Suspendisse sed dolor. Fusce','fall',2007,'yearly',1,'y','y','n','eget massa.'),(32,46,'2012-02-07 09:48:55','Software Engineer','cursus et, eros. Proin','fall',2005,'none',2,'y','y','y','Sed et libero. Proin mi. Aliquam gravida mauris ut mi.'),(33,33,'2006-08-03 17:28:53','Help Desk','lectus rutrum urna, nec luctus felis purus ac tellus. Suspendisse','spr',2013,'none',3,'y','y','n','parturient montes,'),(34,34,'2011-10-09 11:27:35','Database Admin.','imperdiet dictum magna. Ut tincidunt orci','fall',2014,'none',3,'n','n','n','Curae; Donec tincidunt. Donec vitae'),(35,35,'2013-09-24 23:28:45','Software Engineer','auctor, velit eget','spr',2006,'semesterly',1,'y','n','y','ridiculus mus. Proin vel nisl. Quisque'),(36,36,'2014-09-07 12:15:19','Software Engineer','ac, eleifend vitae, erat. Vivamus nisi. Mauris nulla.','sum',2008,'semesterly',4,'n','y','y','Donec est mauris, rhoncus id, mollis nec, cursus a, enim.'),(37,51,'2014-12-15 18:18:46','Help Desk','sed sem egestas blandit. Nam nulla magna, malesuada vel,','sum',2007,'yearly',2,'n','y','n','cursus in, hendrerit consectetuer, cursus et, magna. Praesent interdum ligula'),(38,51,'2012-02-25 16:28:34','Database Admin.','mattis velit justo nec','sum',2008,'semesterly',1,'y','n','n','augue ut lacus.'),(39,51,'2011-10-06 19:37:02','Help Desk','Lorem ipsum','spr',2015,'none',2,'n','y','n','Donec nibh. Quisque nonummy ipsum non arcu. Vivamus'),(40,53,'2016-05-13 08:04:49','Database Admin.','malesuada fringilla est. Mauris eu turpis. Nulla aliquet. Proin velit.','sum',2006,'yearly',2,'y','n','y','Nunc mauris elit, dictum eu,'),(41,53,'2011-12-02 00:09:17','Database Admin.','congue, elit sed consequat auctor, nunc nulla vulputate dui, nec','sum',2013,'semesterly',4,'n','n','n','Cras dolor dolor, tempus non, lacinia'),(42,53,'2006-09-14 15:36:57','Software Engineer','sagittis. Nullam vitae diam. Proin dolor.','sum',2005,'semesterly',2,'y','n','y','non enim. Mauris quis turpis'),(43,53,'2014-07-29 16:50:26','Database Admin.','at risus. Nunc ac sem ut dolor dapibus gravida. Aliquam','sum',2015,'none',4,'y','n','n','diam. Pellentesque habitant morbi tristique senectus et netus et'),(44,44,'2007-04-09 14:18:19','Software Engineer','Etiam bibendum fermentum','spr',2006,'yearly',3,'y','n','y','adipiscing, enim mi tempor lorem, eget mollis'),(45,67,'2006-04-16 22:37:10','Software Engineer','Duis','fall',2015,'semesterly',1,'n','y','y','libero'),(46,67,'2005-11-04 03:23:34','Database Admin.','ipsum nunc id','sum',2009,'none',1,'n','y','y','at lacus.'),(47,67,'2014-06-15 01:48:58','Database Admin.','pellentesque','spr',2009,'yearly',3,'y','y','y','ac mattis velit justo nec ante. Maecenas mi felis,'),(48,67,'2009-09-27 10:53:26','Database Admin.','Donec luctus aliquet odio.','fall',2007,'none',3,'y','n','n','egestas,'),(49,67,'2016-04-02 21:48:59','Help Desk','lorem tristique aliquet. Phasellus','fall',2011,'none',2,'n','y','n','tristique aliquet. Phasellus fermentum convallis'),(50,50,'2016-04-16 00:53:56','Database Admin.','tellus, imperdiet non, vestibulum nec, euismod in, dolor. Fusce feugiat.','fall',2010,'yearly',4,'n','y','y','tempor erat neque non quam. Pellentesque habitant morbi'),(51,51,'2009-02-21 11:02:10','Help Desk','lobortis quis, pede. Suspendisse dui.','fall',2010,'semesterly',3,'n','y','n','sagittis. Duis gravida. Praesent eu nulla at sem molestie sodales.'),(52,69,'2015-03-23 16:45:08','Help Desk','aliquet, sem','spr',2015,'semesterly',4,'y','n','n','Quisque purus'),(53,69,'2016-01-31 06:38:09','Database Admin.','dolor sit amet, consectetuer adipiscing elit. Etiam laoreet, libero','sum',2011,'none',4,'n','y','y','dictum sapien. Aenean'),(54,69,'2009-12-31 21:51:48','Database Admin.','nec tempus','fall',2006,'none',3,'y','n','n','risus. Donec egestas. Duis ac arcu. Nunc mauris.'),(55,70,'2013-06-29 16:29:43','Help Desk','Nunc mauris elit, dictum','fall',2013,'none',1,'y','y','y','purus mauris a nunc. In at pede.'),(56,70,'2010-12-29 06:59:34','Help Desk','Quisque varius. Nam porttitor scelerisque neque. Nullam nisl. Maecenas malesuada','spr',2010,'none',2,'y','y','y','sem egestas blandit. Nam nulla magna,'),(57,73,'2013-03-27 01:10:45','Software Engineer','urna. Ut tincidunt vehicula risus. Nulla eget','spr',2006,'none',2,'n','y','y','ut quam'),(58,73,'2007-12-02 18:36:11','Help Desk','eget magna. Suspendisse tristique neque venenatis lacus.','fall',2007,'yearly',3,'y','n','n','eu, eleifend nec,'),(59,73,'2010-05-05 17:06:52','Software Engineer','molestie in, tempus','fall',2008,'semesterly',4,'y','y','n','a, dui. Cras pellentesque.'),(60,73,'2006-10-21 08:26:46','Help Desk','libero nec ligula consectetuer','sum',2010,'semesterly',1,'y','n','n','lectus pede et risus. Quisque'),(61,61,'2013-04-20 02:29:27','Help Desk','magna. Praesent interdum ligula eu','sum',2007,'semesterly',4,'y','n','n','nunc nulla vulputate dui, nec tempus'),(62,75,'2007-06-17 20:53:46','Software Engineer','viverra. Donec tempus, lorem fringilla ornare placerat, orci lacus','fall',2014,'yearly',4,'n','n','n','ac, eleifend vitae, erat. Vivamus nisi.'),(63,75,'2007-06-27 12:03:37','Software Engineer','ante. Nunc mauris sapien, cursus in, hendrerit consectetuer,','fall',2011,'semesterly',4,'n','y','y','ornare placerat, orci lacus vestibulum lorem, sit amet ultricies'),(64,75,'2012-11-19 22:53:08','Database Admin.','ut','spr',2006,'none',4,'y','y','n','morbi tristique senectus et netus et malesuada fames ac turpis'),(65,65,'2015-03-30 05:04:21','Help Desk','risus. Morbi metus.','spr',2005,'none',1,'y','y','n','odio a purus. Duis elementum, dui quis accumsan convallis, ante'),(66,78,'2015-03-26 07:22:47','Database Admin.','est. Nunc ullamcorper, velit','sum',2009,'semesterly',2,'n','n','n','erat neque non quam. Pellentesque habitant morbi tristique'),(67,78,'2011-06-12 15:00:47','Software Engineer','enim. Etiam','spr',2008,'semesterly',3,'y','n','y','enim, condimentum eget, volutpat ornare, facilisis'),(68,78,'2007-02-23 22:52:24','Database Admin.','nascetur ridiculus mus. Aenean eget magna. Suspendisse tristique neque','sum',2011,'none',4,'n','n','y','Morbi metus. Vivamus'),(69,78,'2011-02-27 13:14:17','Software Engineer','semper tellus id nunc interdum feugiat. Sed nec','spr',2013,'none',2,'y','y','y','at pretium'),(70,79,'2012-12-04 19:56:35','Software Engineer','In mi pede, nonummy','spr',2009,'none',4,'n','y','n','eget odio. Aliquam vulputate ullamcorper magna.'),(71,81,'2010-08-01 00:26:55','Software Engineer','sit amet ante. Vivamus non lorem vitae odio sagittis semper.','fall',2005,'none',3,'n','y','n','Vestibulum ut eros non enim commodo hendrerit. Donec'),(72,81,'2013-03-11 05:40:14','Help Desk','tristique pharetra. Quisque ac','spr',2015,'yearly',3,'y','y','n','sed, hendrerit'),(73,81,'2006-10-30 14:13:14','Database Admin.','auctor quis, tristique ac,','fall',2007,'none',2,'y','n','y','netus et malesuada fames ac turpis egestas.'),(74,83,'2007-02-17 09:13:03','Database Admin.','Aliquam erat volutpat. Nulla dignissim. Maecenas ornare egestas ligula.','spr',2011,'semesterly',2,'n','n','n','euismod est arcu ac orci. Ut'),(75,83,'2012-03-23 21:42:19','Software Engineer','Donec fringilla.','sum',2012,'semesterly',3,'y','n','n','sed leo. Cras'),(76,83,'2015-10-06 21:27:37','Software Engineer','purus, in','fall',2008,'semesterly',1,'n','y','n','Quisque ac libero nec ligula consectetuer rhoncus. Nullam velit'),(77,83,'2015-03-14 17:59:32','Database Admin.','enim nec','spr',2008,'none',1,'n','n','y','viverra. Donec tempus, lorem'),(78,83,'2006-06-26 00:51:53','Help Desk','odio. Phasellus at augue id ante','spr',2014,'yearly',3,'y','y','y','odio sagittis semper. Nam tempor'),(79,79,'2016-05-01 11:28:28','Help Desk','mi lorem,','spr',2012,'semesterly',2,'n','n','n','vestibulum, neque sed dictum eleifend, nunc risus varius orci,'),(80,80,'2011-08-13 00:34:48','Help Desk','diam dictum sapien. Aenean massa. Integer vitae nibh. Donec','fall',2009,'none',3,'y','n','y','eu turpis. Nulla aliquet. Proin'),(81,84,'2007-04-05 20:57:03','Software Engineer','Mauris nulla. Integer urna. Vivamus molestie dapibus','spr',2008,'yearly',3,'n','n','n','lacinia at, iaculis'),(82,84,'2008-05-30 17:02:16','Database Admin.','vulputate, risus a ultricies adipiscing, enim mi','sum',2014,'semesterly',3,'n','y','n','fringilla'),(83,84,'2013-08-13 19:39:45','Database Admin.','porttitor tellus non','spr',2009,'semesterly',1,'y','n','n','ultricies ligula. Nullam enim. Sed'),(84,84,'2009-10-10 18:08:40','Help Desk','iaculis','fall',2007,'semesterly',1,'n','y','y','sed'),(85,85,'2010-08-06 00:31:03','Help Desk','Morbi sit amet massa. Quisque porttitor eros','spr',2007,'none',1,'n','y','n','scelerisque mollis. Phasellus libero mauris, aliquam eu, accumsan sed,'),(86,88,'2012-02-21 16:47:12','Software Engineer','et malesuada fames ac turpis egestas. Fusce aliquet','spr',2013,'semesterly',2,'y','n','n','scelerisque sed, sapien. Nunc pulvinar'),(87,88,'2012-06-11 16:01:46','Help Desk','fermentum risus, at fringilla purus mauris a nunc.','fall',2010,'semesterly',3,'n','y','n','luctus. Curabitur egestas nunc sed libero. Proin'),(88,88,'2007-11-02 16:09:26','Help Desk','a','fall',2013,'none',1,'n','y','n','sagittis lobortis mauris. Suspendisse aliquet molestie tellus.'),(89,90,'2010-02-04 05:22:58','Help Desk','ac mi eleifend egestas. Sed','fall',2008,'semesterly',4,'n','y','n','fringilla mi lacinia mattis. Integer'),(90,90,'2005-12-18 23:02:51','Software Engineer','ipsum cursus vestibulum. Mauris magna. Duis dignissim tempor arcu. Vestibulum','sum',2008,'none',4,'n','y','n','rutrum magna. Cras'),(91,91,'2013-05-12 00:11:09','Database Admin.','arcu vel quam dignissim pharetra. Nam ac nulla. In','fall',2012,'none',3,'n','y','y','sit amet, consectetuer adipiscing elit. Aliquam auctor, velit eget laoreet'),(92,91,'2008-01-11 13:13:54','Database Admin.','fermentum risus, at fringilla purus mauris a','sum',2009,'semesterly',1,'y','n','y','senectus et netus et malesuada fames'),(93,91,'2012-11-22 12:48:23','Database Admin.','Curabitur egestas nunc sed libero.','fall',2014,'none',4,'y','y','y','eu lacus. Quisque imperdiet, erat nonummy ultricies ornare, elit elit'),(94,91,'2008-03-23 13:54:08','Software Engineer','ornare lectus justo eu arcu. Morbi sit amet','sum',2006,'none',2,'y','n','y','et risus.'),(95,94,'2014-05-12 19:14:50','Software Engineer','vulputate, lacus. Cras interdum. Nunc sollicitudin commodo ipsum.','spr',2010,'semesterly',2,'y','n','y','Donec non justo. Proin non'),(96,94,'2008-08-03 00:18:25','Database Admin.','tempus risus.','spr',2014,'yearly',1,'n','y','n','lectus pede, ultrices a,'),(97,94,'2013-03-16 22:39:13','Help Desk','Praesent eu nulla at sem','sum',2012,'yearly',1,'y','y','y','bibendum sed, est. Nunc laoreet lectus quis'),(98,98,'2013-12-28 02:30:59','Software Engineer','sit amet, consectetuer adipiscing elit. Etiam laoreet, libero et tristique','fall',2006,'semesterly',1,'n','n','y','semper tellus id nunc interdum feugiat.'),(99,99,'2012-08-23 04:50:41','Database Admin.','sed libero. Proin sed','spr',2014,'none',3,'y','n','y','Etiam ligula tortor, dictum eu, placerat'),(100,100,'2011-02-18 03:34:50','Database Admin.','erat volutpat. Nulla dignissim. Maecenas ornare egestas','sum',2009,'semesterly',4,'n','y','y','Duis a mi fringilla mi lacinia');
/*!40000 ALTER TABLE `job` ENABLE KEYS */;
UNLOCK TABLES;

--
-- Table structure for table `job_skill`
--

DROP TABLE IF EXISTS `job_skill`;
/*!40101 SET @saved_cs_client     = @@character_set_client */;
/*!40101 SET character_set_client = utf8 */;
CREATE TABLE `job_skill` (
  `job_id` smallint(5) unsigned NOT NULL,
  `skl_id` smallint(5) unsigned NOT NULL,
  PRIMARY KEY (`job_id`,`skl_id`),
  KEY `fk_job_skills_skills1_idx` (`skl_id`),
  CONSTRAINT `fk_job_skills_job` FOREIGN KEY (`job_id`) REFERENCES `job` (`job_id`) ON DELETE CASCADE ON UPDATE CASCADE,
  CONSTRAINT `fk_job_skills_skills1` FOREIGN KEY (`skl_id`) REFERENCES `skill` (`skl_id`) ON DELETE NO ACTION ON UPDATE NO ACTION
) ENGINE=InnoDB DEFAULT CHARSET=utf8;
/*!40101 SET character_set_client = @saved_cs_client */;

--
-- Dumping data for table `job_skill`
--

LOCK TABLES `job_skill` WRITE;
/*!40000 ALTER TABLE `job_skill` DISABLE KEYS */;
INSERT INTO `job_skill` VALUES (2,1),(3,1),(1,2),(4,2),(31,2),(5,3),(8,3),(7,4),(10,4),(6,5),(42,5),(34,6),(39,6),(9,7),(12,7),(11,8),(16,8),(19,9),(23,9),(25,10),(30,10),(13,11),(40,11),(15,12),(18,12),(14,13),(17,13),(57,14),(69,14),(20,15),(35,15),(78,16),(52,17),(76,17),(21,18),(44,18),(53,19),(85,19),(27,20),(36,20),(22,21),(24,23),(28,23),(26,24),(29,24),(80,25),(33,26),(48,26),(32,27),(37,27),(87,28),(98,28),(45,29),(61,29),(41,30),(60,31),(66,31),(49,32),(82,32),(64,33),(68,33),(47,34),(99,34),(91,35),(43,36),(38,37),(54,38),(56,38),(46,42),(65,42),(51,43),(62,44),(50,45),(81,45),(70,46),(71,46),(59,50),(77,50),(92,53),(55,54),(72,54),(74,54),(63,55),(79,55),(86,56),(58,57),(75,57),(88,57),(89,58),(90,59),(93,60),(94,61),(95,62),(83,63),(84,63),(96,63),(67,64),(73,64),(97,64),(100,65);
/*!40000 ALTER TABLE `job_skill` ENABLE KEYS */;
UNLOCK TABLES;

--
-- Table structure for table `site_supervisor`
--

DROP TABLE IF EXISTS `site_supervisor`;
/*!40101 SET @saved_cs_client     = @@character_set_client */;
/*!40101 SET character_set_client = utf8 */;
CREATE TABLE `site_supervisor` (
  `ssu_id` smallint(5) unsigned NOT NULL AUTO_INCREMENT,
  `emp_id` smallint(5) unsigned NOT NULL,
  `ssu_fname` varchar(15) NOT NULL,
  `ssu_lname` varchar(45) NOT NULL,
  `ssu_phone` bigint(20) unsigned NOT NULL,
  `ssu_email` varchar(100) NOT NULL,
  `ssu_notes` varchar(255) DEFAULT NULL,
  PRIMARY KEY (`ssu_id`),
  KEY `fk_site_supervisor_employer1_idx` (`emp_id`),
  CONSTRAINT `fk_site_supervisor_employer1` FOREIGN KEY (`emp_id`) REFERENCES `employer` (`emp_id`) ON DELETE NO ACTION ON UPDATE NO ACTION
) ENGINE=InnoDB DEFAULT CHARSET=utf8;
/*!40101 SET character_set_client = @saved_cs_client */;

--
-- Dumping data for table `site_supervisor`
--

LOCK TABLES `site_supervisor` WRITE;
/*!40000 ALTER TABLE `site_supervisor` DISABLE KEYS */;
INSERT INTO `site_supervisor` VALUES (1,1,'Walter','Morin',6002713290,'at@metusAliquam.net','sollicitudin adipiscing ligula. Aenean gravida nunc sed pede. Cum'),(2,2,'Quincy','Marquez',2054634057,'Nunc@eunibh.net','sed pede nec ante blandit viverra. Donec tempus, lorem'),(3,3,'Jessica','Salinas',7904477823,'amet@libero.org','sed, hendrerit a, arcu. Sed et libero. Proin mi.'),(4,4,'Natalie','Newman',3521831113,'consectetuer.mauris@variusorciin.com','Mauris nulla. Integer urna. Vivamus molestie dapibus ligula. Aliquam'),(5,3,'Allistair','Chandler',4742330176,'orci@senectuset.com','facilisis. Suspendisse commodo tincidunt nibh. Phasellus'),(6,6,'Jaquelyn','Trevino',3219652957,'convallis.est.vitae@rutrum.org','eu, ligula. Aenean euismod'),(7,7,'Owen','Mitchell',7425045911,'in.felis@tinciduntDonecvitae.co.uk','orci lacus vestibulum lorem, sit amet'),(8,8,'Regan','Johnston',3784121500,'ut.nulla.Cras@dictumcursusNunc.co.uk','Nulla tempor augue ac'),(9,3,'Joy','Koch',7655504561,'egestas.nunc@Praesentinterdum.edu','lorem, sit amet ultricies sem magna nec quam. Curabitur vel'),(10,10,'Amal','Morales',9443215445,'ligula.elit@arcuCurabiturut.edu','nisl elementum purus, accumsan'),(11,11,'Chava','Lawrence',7501943668,'Nam.nulla.magna@eueleifendnec.com','egestas,'),(12,12,'Portia','Lang',8612600374,'in.molestie.tortor@Aeneangravidanunc.edu','libero. Proin sed turpis nec mauris blandit mattis.'),(13,3,'Carlos','Gibson',5045082847,'Morbi.quis.urna@sempererat.ca','Aliquam erat volutpat. Nulla dignissim. Maecenas ornare'),(14,14,'Hedda','Key',7817368654,'Duis.elementum.dui@NuncmaurisMorbi.com','dictum'),(15,15,'Dale','Durham',9554502045,'ac@gravidasagittis.com','risus. Morbi metus. Vivamus euismod urna. Nullam'),(16,16,'Sonia','Collier',9771644865,'ornare.placerat.orci@eliteratvitae.org','pede, nonummy ut,'),(17,3,'Catherine','Carver',2818241871,'neque.et.nunc@Nunccommodoauctor.com','vitae mauris sit amet lorem semper auctor. Mauris vel'),(18,18,'Maite','Figueroa',1261141984,'nec.cursus.a@inceptoshymenaeosMauris.org','neque. Nullam nisl. Maecenas malesuada fringilla'),(19,19,'Hannah','Lopez',3422903443,'mus@imperdiet.co.uk','ante'),(20,20,'Liberty','Patton',8877424521,'arcu.Vivamus.sit@semperrutrum.net','cubilia Curae; Donec tincidunt. Donec vitae erat vel pede blandit'),(21,21,'Bradley','Bell',6546442867,'Vestibulum.ante.ipsum@Inmi.co.uk','diam. Duis'),(22,3,'Donna','Alford',8111875190,'sagittis.felis.Donec@ridiculusmusDonec.edu','lacus pede sagittis augue, eu tempor erat neque non'),(23,23,'Shea','Lindsay',4885235417,'justo.faucibus.lectus@eleifendvitae.org','Nam nulla magna,'),(24,24,'Gareth','Hurst',6837562114,'tellus.imperdiet.non@vitaesemper.org','non, dapibus rutrum, justo. Praesent luctus. Curabitur egestas nunc'),(25,25,'Kalia','Melendez',8245733724,'ut.dolor@acmattisvelit.co.uk','rhoncus id, mollis'),(26,26,'Eliana','Frank',4069843389,'Donec.nibh@imperdieterat.net','Aenean gravida nunc sed pede. Cum sociis natoque penatibus'),(27,5,'Herman','Soto',1992747622,'luctus.aliquet.odio@perinceptoshymenaeos.edu','quis urna.'),(28,28,'Shafira','Nash',1616013405,'Phasellus.libero@duiCras.ca','eu sem. Pellentesque ut ipsum ac'),(29,29,'Aladdin','Sutton',2247835302,'enim.Nunc@vehicula.net','ipsum ac mi eleifend egestas. Sed pharetra, felis eget varius'),(30,5,'Kadeem','Brennan',5295370818,'iaculis@aliquet.com','tellus. Phasellus elit pede, malesuada vel, venenatis vel,'),(31,31,'Akeem','Flynn',3185546908,'at.augue.id@Mauriseu.ca','nec,'),(32,32,'Jonas','Roach',3803407357,'ac.eleifend.vitae@vel.net','Nam interdum enim non nisi. Aenean eget'),(33,5,'Aquila','Mendez',8009134036,'vulputate.mauris.sagittis@nislarcu.org','velit egestas lacinia. Sed congue, elit sed'),(34,34,'Erasmus','Parrish',7898055803,'enim@luctus.net','Suspendisse dui. Fusce diam nunc,'),(35,5,'Ivy','Hull',6008796089,'Sed.molestie@Mauris.edu','cursus. Nunc mauris elit, dictum eu, eleifend nec, malesuada'),(36,36,'Penelope','Moss',3675054998,'suscipit.est.ac@lectus.com','odio. Aliquam vulputate ullamcorper magna.'),(37,37,'Paloma','Larsen',5777951345,'lobortis.ultrices@euaugue.co.uk','ullamcorper, nisl arcu'),(38,38,'Noelani','Mccarthy',9406273090,'at.auctor.ullamcorper@sagittis.co.uk','a ultricies adipiscing, enim mi tempor lorem,'),(39,5,'Ifeoma','Cantu',6175242405,'Suspendisse.aliquet.sem@mollis.org','placerat. Cras dictum ultricies ligula. Nullam enim. Sed'),(40,40,'Alden','Sampson',5904437820,'tristique.ac@ac.co.uk','scelerisque'),(41,41,'Salvador','Campos',6545099472,'elementum@eunibh.edu','facilisi. Sed neque. Sed eget lacus.'),(42,5,'Sylvester','Harmon',7435149927,'ac.eleifend.vitae@tinciduntnibh.ca','cubilia Curae; Donec tincidunt. Donec'),(43,43,'Anjolie','Carpenter',3792865239,'sit@parturientmontesnascetur.edu','Donec sollicitudin adipiscing ligula. Aenean gravida nunc sed pede.'),(44,44,'Rudyard','Young',9447089697,'elit@nuncid.co.uk','Nunc ullamcorper, velit in aliquet lobortis, nisi nibh'),(45,45,'Ciaran','Acevedo',5198119210,'consequat.lectus@risusDonecnibh.org','urna. Nunc quis arcu vel quam'),(46,8,'Sade','Harmon',2597487456,'nisi.a@lobortisquispede.ca','Etiam vestibulum massa rutrum magna. Cras convallis convallis'),(47,47,'Ginger','Reeves',9863669511,'luctus.felis.purus@Sedet.net','imperdiet ornare. In faucibus. Morbi vehicula.'),(48,8,'Rhona','Conner',5947283441,'massa.Integer.vitae@euligula.co.uk','enim, gravida sit amet, dapibus id,'),(49,49,'Zeus','Mcleod',5199913987,'mollis.nec@Nunccommodoauctor.com','sed dui. Fusce aliquam, enim nec tempus'),(50,50,'Nicholas','Owens',3309016349,'ac.feugiat@eleifend.edu','Curae; Donec tincidunt. Donec vitae erat vel pede'),(51,8,'Pascale','Romero',7686841914,'fermentum@dis.co.uk','metus. In nec orci. Donec nibh. Quisque'),(52,52,'Regan','Cline',7329631453,'pede@aliquet.edu','enim nisl elementum'),(53,53,'Isaac','Randolph',1765244833,'malesuada@utpharetra.net','ullamcorper viverra. Maecenas iaculis aliquet diam. Sed diam lorem,'),(54,8,'Kennan','Puckett',7653894623,'diam.luctus@luctusutpellentesque.ca','lacus, varius et, euismod et, commodo at, libero.'),(55,55,'Zeph','Finley',6225385525,'sem@sagittisDuis.ca','magna,'),(56,8,'Kylynn','Jefferson',5241876548,'semper@Nunc.ca','malesuada id, erat. Etiam vestibulum massa rutrum magna. Cras convallis'),(57,57,'Kylynn','Ferrell',9776548098,'eu.euismod.ac@imperdietullamcorperDuis.edu','Aliquam'),(58,8,'Kai','Jordan',2383985142,'non@lectuspedeet.ca','et tristique pellentesque, tellus sem mollis dui, in sodales'),(59,59,'Adara','Calhoun',4695816414,'In.lorem.Donec@ametrisusDonec.net','at sem molestie sodales. Mauris blandit enim consequat'),(60,8,'Byron','Pearson',9127377182,'eleifend.nunc@vehicula.edu','non sapien'),(61,61,'Shoshana','Dickson',9607956740,'arcu.Vestibulum.ante@metusVivamus.co.uk','pede sagittis augue, eu tempor erat neque non'),(62,62,'Chaim','Palmer',9762771674,'elit.erat.vitae@sapien.com','In faucibus. Morbi vehicula. Pellentesque'),(63,6,'Leah','Robbins',6165564763,'non.leo.Vivamus@nonummyultricies.co.uk','Ut sagittis lobortis mauris. Suspendisse aliquet molestie'),(64,64,'Stacy','Cannon',5617479453,'Donec.tempor@euismodin.org','enim, sit'),(65,6,'Abra','Bryant',6387463294,'enim.non@pedeCrasvulputate.com','nonummy ac, feugiat non,'),(66,66,'Hanna','Rodriquez',9603119501,'sodales.nisi.magna@sit.com','vitae, orci. Phasellus dapibus quam quis diam.'),(67,6,'Merrill','Monroe',5128580166,'Cras.pellentesque@erosturpisnon.edu','vulputate'),(68,68,'Jaden','Jones',8343389757,'Etiam.imperdiet@molestietellus.edu','ligula. Nullam enim. Sed nulla ante, iaculis nec,'),(69,69,'Brittany','Keller',4601175413,'commodo.ipsum@liberoettristique.net','Cras lorem lorem, luctus ut, pellentesque'),(70,70,'Jordan','Graves',1178573057,'quam.Pellentesque.habitant@libero.net','eu erat semper'),(71,6,'Chantale','Robbins',9613999057,'dis@semperauctor.co.uk','luctus et ultrices posuere cubilia Curae; Donec tincidunt. Donec'),(72,72,'Hu','Stevens',4391827536,'at@et.edu','sit amet diam'),(73,6,'Mufutau','Sloan',5674913330,'sagittis.lobortis.mauris@vulputate.co.uk','nonummy. Fusce fermentum fermentum arcu. Vestibulum ante ipsum primis'),(74,74,'Isabelle','Rosario',2818933625,'ultrices.sit.amet@egetlacus.edu','risus. Quisque libero lacus, varius et,'),(75,6,'Yuri','Glover',1291741608,'id.enim.Curabitur@massa.ca','natoque penatibus et magnis dis parturient montes, nascetur'),(76,76,'Adena','Steele',5881575358,'lorem.ac.risus@Donec.org','Sed malesuada augue ut'),(77,6,'Austin','Valdez',5175973571,'est@atfringillapurus.net','nec ante.'),(78,78,'Patrick','Everett',4914510690,'Nullam.enim.Sed@orci.ca','nisl arcu iaculis enim, sit amet ornare lectus justo eu'),(79,6,'Dara','Hendrix',5906873112,'vitae.erat@aliquet.org','sit amet risus. Donec egestas. Aliquam nec enim.'),(80,80,'Emma','Campos',3436810421,'elementum@maurisid.org','vel, vulputate eu,'),(81,81,'Calista','Stanton',7372465060,'adipiscing@Nullafacilisi.com','gravida sagittis. Duis gravida. Praesent'),(82,82,'Regan','Hernandez',7616270115,'blandit.mattis.Cras@augue.org','dui.'),(83,11,'Quincy','Moody',5336122082,'ante@vitaesodalesnisi.edu','turpis nec mauris blandit mattis. Cras eget nisi dictum augue'),(84,84,'Cassandra','Campbell',2097334873,'tincidunt@rutrumlorem.co.uk','nec, euismod in, dolor. Fusce feugiat. Lorem ipsum dolor sit'),(85,11,'Herrod','Emerson',8041721712,'nec@odiovelest.org','sed, hendrerit a, arcu.'),(86,11,'Richard','Ayers',5505676261,'cursus@anteblanditviverra.ca','nunc, ullamcorper eu, euismod ac, fermentum vel, mauris. Integer'),(87,87,'Dominic','Parks',6356014415,'nunc.est@vitaeeratvel.com','Integer tincidunt aliquam arcu. Aliquam ultrices'),(88,1,'Brody','Emerson',3146194609,'Aliquam@Duiscursusdiam.com','elit, pretium et, rutrum non, hendrerit'),(89,89,'Iris','Weaver',5432050917,'Nunc@netus.org','elit, dictum eu, eleifend nec, malesuada ut, sem. Nulla'),(90,11,'Barbara','Preston',5362785852,'Mauris@Duiscursusdiam.ca','nec, imperdiet nec, leo. Morbi neque tellus,'),(91,91,'Ariana','Roberts',9717788753,'leo.elementum@dictumProin.org','sit amet, dapibus id, blandit'),(92,1,'Xandra','Noel',5654610160,'aliquet@purusac.co.uk','amet, consectetuer adipiscing elit. Curabitur sed'),(93,93,'Hamilton','Stevenson',8265243822,'aliquam@duiaugueeu.com','nisl arcu iaculis enim, sit'),(94,94,'Ryan','Davenport',8133758891,'Integer.vitae.nibh@nequepellentesquemassa.com','sagittis. Nullam vitae diam. Proin dolor.'),(95,95,'Emmanuel','Blevins',5147914738,'Nullam.enim.Sed@sedfacilisisvitae.co.uk','auctor non, feugiat nec, diam.'),(96,1,'Ebony','Wade',8316815522,'purus@tinciduntDonecvitae.co.uk','consequat purus. Maecenas libero est, congue'),(97,97,'Jemima','Walton',6238136304,'nisi@faucibusMorbivehicula.org','ligula. Aliquam erat volutpat. Nulla dignissim.'),(98,98,'Regan','Dennis',4617161599,'et.magnis@arcuSed.co.uk','justo. Proin non massa non ante bibendum'),(99,11,'Noah','Hickman',1634763462,'tortor.at.risus@sollicitudin.ca','turpis non enim. Mauris quis turpis vitae purus gravida'),(100,100,'Iris','Stephens',5903648518,'ullamcorper@auguescelerisque.com','Suspendisse aliquet molestie tellus. Aenean egestas hendrerit neque. In');
/*!40000 ALTER TABLE `site_supervisor` ENABLE KEYS */;
UNLOCK TABLES;

--
-- Table structure for table `skill`
--

DROP TABLE IF EXISTS `skill`;
/*!40101 SET @saved_cs_client     = @@character_set_client */;
/*!40101 SET character_set_client = utf8 */;
CREATE TABLE `skill` (
  `skl_id` smallint(5) unsigned NOT NULL AUTO_INCREMENT,
  `skl_title` varchar(45) NOT NULL,
  `skl_description` varchar(100) NOT NULL,
  PRIMARY KEY (`skl_id`)
) ENGINE=InnoDB DEFAULT CHARSET=utf8;
/*!40101 SET character_set_client = @saved_cs_client */;

--
-- Dumping data for table `skill`
--

LOCK TABLES `skill` WRITE;
/*!40000 ALTER TABLE `skill` DISABLE KEYS */;
INSERT INTO `skill` VALUES (1,'Administration','Mauris non dui nec urna suscipit nonummy.'),(2,'Agile','Praesent eu dui. Cum sociis'),(3,'Analysis','Nulla tincidunt, neque vitae semper egestas, urna justo'),(4,'Analytical','adipiscing lobortis risus. In'),(5,'Architecture','tellus sem'),(6,'C','ut eros non enim commodo hendrerit.'),(7,'C++','Donec egestas. Duis ac arcu. Nunc'),(8,'Communication','congue a, aliquet vel, vulputate eu, odio.'),(9,'Compliance','lectus convallis est, vitae sodales nisi magna sed dui.'),(10,'Computer','mollis. Duis sit amet diam eu'),(11,'Computer Science','feugiat non, lobortis quis, pede. Suspendisse dui. Fusce diam'),(12,'Consulting','magna. Praesent interdum ligula eu enim. Etiam imperdiet'),(13,'Database','aliquam, enim nec tempus scelerisque,'),(14,'Design','Aenean eget metus. In nec orci. Donec nibh. Quisque'),(15,'Developer','mi tempor lorem, eget mollis lectus pede et risus.'),(16,'Development','eu'),(17,'Documentation','sed pede nec ante blandit viverra. Donec tempus,'),(18,'Engineer','cursus non, egestas a, dui. Cras pellentesque. Sed dictum. Proin'),(19,'Engineering','eu sem.'),(20,'Financial','non,'),(21,'HTTP','Phasellus at augue id ante dictum cursus. Nunc'),(22,'Identity','enim nec tempus'),(23,'Implementation','erat'),(24,'Infrastructure','arcu. Vestibulum ante ipsum primis in faucibus'),(25,'Integration','ipsum. Suspendisse non leo. Vivamus'),(26,'Java','Mauris molestie pharetra nibh. Aliquam ornare, libero'),(27,'Lead','sem ut dolor'),(28,'Management','varius. Nam porttitor scelerisque neque. Nullam nisl. Maecenas malesuada'),(29,'Manager','metus vitae velit egestas lacinia. Sed congue,'),(30,'MEAN Stack','Knowledge of MEAN Stack components'),(31,'Microsoft','nisi a odio semper cursus. Integer mollis.'),(32,'Net','fringilla est. Mauris eu turpis. Nulla aliquet. Proin'),(33,'Network','adipiscing elit. Etiam laoreet, libero et tristique pellentesque, tellus sem'),(34,'Objective-C','Aliquam nisl. Nulla eu'),(35,'Office','Donec tincidunt. Donec'),(36,'Operations','gravida nunc sed pede.'),(37,'Oracle','Phasellus libero mauris, aliquam eu, accumsan sed,'),(38,'Planning','Curabitur vel lectus. Cum sociis'),(39,'Process','auctor vitae, aliquet nec, imperdiet nec, leo. Morbi'),(40,'Programming','Vivamus non lorem vitae odio'),(41,'Reporting','parturient'),(42,'Requirements','turpis vitae purus gravida sagittis. Duis'),(43,'SQL','orci sem'),(44,'Science','scelerisque mollis. Phasellus libero mauris, aliquam'),(45,'Security','sed,'),(46,'Software','commodo ipsum. Suspendisse non leo. Vivamus'),(47,'Software development','Cras'),(48,'Support','gravida sagittis. Duis gravida. Praesent eu nulla at'),(49,'Testing','mi eleifend egestas. Sed pharetra, felis eget varius ultrices, mauris'),(50,'Training','lectus pede, ultrices a, auctor non, feugiat nec, diam. Duis'),(51,'Troubleshooting','purus mauris'),(52,'Web','urna. Vivamus molestie dapibus ligula.'),(53,'Accounting','vestibulum, neque'),(54,'Quality Assurance','sit amet diam eu dolor'),(55,'Customer Service','dolor, nonummy ac, feugiat'),(56,'Legal Department','penatibus et magnis dis parturient'),(57,'Research and Development','mollis. Integer tincidunt aliquam'),(58,'Sales and Marketing','dui, nec tempus mauris erat eget ipsum. Suspendisse sagittis. Nullam'),(59,'Asset Management','enim non nisi. Aenean eget metus. In nec orci. Donec'),(60,'Advertising','eget lacus. Mauris non dui nec urna suscipit'),(61,'Human Resources','egestas rhoncus. Proin nisl sem, consequat nec, mollis'),(62,'Media Relations','nascetur ridiculus mus. Proin vel'),(63,'Public Relations','luctus'),(64,'Tech Support','tincidunt, nunc ac'),(65,'Payroll','lorem fringilla ornare placerat, orci lacus');
/*!40000 ALTER TABLE `skill` ENABLE KEYS */;
UNLOCK TABLES;
/*!40103 SET TIME_ZONE=@OLD_TIME_ZONE */;

/*!40101 SET SQL_MODE=@OLD_SQL_MODE */;
/*!40014 SET FOREIGN_KEY_CHECKS=@OLD_FOREIGN_KEY_CHECKS */;
/*!40014 SET UNIQUE_CHECKS=@OLD_UNIQUE_CHECKS */;
/*!40101 SET CHARACTER_SET_CLIENT=@OLD_CHARACTER_SET_CLIENT */;
/*!40101 SET CHARACTER_SET_RESULTS=@OLD_CHARACTER_SET_RESULTS */;
/*!40101 SET COLLATION_CONNECTION=@OLD_COLLATION_CONNECTION */;
/*!40111 SET SQL_NOTES=@OLD_SQL_NOTES */;

-- Dump completed on 2015-07-22 10:57:25
